Field ID,Year,Month,Monthly_constituents,YearlyCon,Monthly_Cost,Annual_Cost
1,2014,April,2,11,49.83042719,619.8915
1,2014,April,2,11,49.83042719,619.8915
1,2014,May,4,11,164.2583024,619.8915
1,2014,May,4,11,164.2583024,619.8915
1,2014,June,4,11,164.2583024,619.8915
1,2014,July,2,11,111.9862154,619.8915
1,2014,July,2,11,111.9862154,619.8915
1,2014,July,1,11,293.8165549,619.8915
2,2014,April,2,11,49.83042719,619.8915
2,2014,April,2,11,49.83042719,619.8915
2,2014,May,4,11,164.2583024,619.8915
2,2014,May,4,11,164.2583024,619.8915
2,2014,June,4,11,164.2583024,619.8915
2,2014,July,2,11,111.9862154,619.8915
2,2014,July,2,11,111.9862154,619.8915
2,2014,July,1,11,293.8165549,619.8915
3,2014,April,2,11,49.83042719,619.8915
3,2014,April,2,11,49.83042719,619.8915
3,2014,May,4,11,164.2583024,619.8915
3,2014,May,4,11,164.2583024,619.8915
3,2014,June,4,11,164.2583024,619.8915
3,2014,July,2,11,111.9862154,619.8915
3,2014,July,2,11,111.9862154,619.8915
3,2014,July,1,11,293.8165549,619.8915
4,2014,April,2,11,49.83042719,619.8915
4,2014,April,2,11,49.83042719,619.8915
4,2014,May,4,11,164.2583024,619.8915
4,2014,May,4,11,164.2583024,619.8915
4,2014,June,4,11,164.2583024,619.8915
4,2014,July,2,11,111.9862154,619.8915
4,2014,July,2,11,111.9862154,619.8915
4,2014,July,1,11,293.8165549,619.8915
5,2014,April,2,11,49.83042719,619.8915
5,2014,April,2,11,49.83042719,619.8915
5,2014,May,4,11,164.2583024,619.8915
5,2014,May,4,11,164.2583024,619.8915
5,2014,June,4,11,164.2583024,619.8915
5,2014,July,2,11,111.9862154,619.8915
5,2014,July,2,11,111.9862154,619.8915
5,2014,July,1,11,293.8165549,619.8915
6,2014,April,2,11,49.83042719,619.8915
6,2014,April,2,11,49.83042719,619.8915
6,2014,May,4,11,164.2583024,619.8915
6,2014,May,4,11,164.2583024,619.8915
6,2014,June,4,11,164.2583024,619.8915
6,2014,July,2,11,111.9862154,619.8915
6,2014,July,2,11,111.9862154,619.8915
6,2014,July,1,11,293.8165549,619.8915
7,2014,April,2,11,49.83042719,619.8915
7,2014,April,2,11,49.83042719,619.8915
7,2014,May,4,11,164.2583024,619.8915
7,2014,May,4,11,164.2583024,619.8915
7,2014,June,4,11,164.2583024,619.8915
7,2014,July,2,11,111.9862154,619.8915
7,2014,July,2,11,111.9862154,619.8915
7,2014,July,1,11,293.8165549,619.8915
9,2014,April,2,11,49.83042719,619.8915
9,2014,April,2,11,49.83042719,619.8915
9,2014,May,4,11,164.2583024,619.8915
9,2014,May,4,11,164.2583024,619.8915
9,2014,June,4,11,164.2583024,619.8915
9,2014,July,2,11,111.9862154,619.8915
9,2014,July,2,11,111.9862154,619.8915
9,2014,July,1,11,293.8165549,619.8915
10,2014,April,2,11,49.83042719,619.8915
10,2014,April,2,11,49.83042719,619.8915
10,2014,May,4,11,164.2583024,619.8915
10,2014,May,4,11,164.2583024,619.8915
10,2014,June,4,11,164.2583024,619.8915
10,2014,July,2,11,111.9862154,619.8915
10,2014,July,2,11,111.9862154,619.8915
10,2014,July,1,11,293.8165549,619.8915
11,2014,April,2,11,49.83042719,619.8915
11,2014,April,2,11,49.83042719,619.8915
11,2014,May,4,11,164.2583024,619.8915
11,2014,May,4,11,164.2583024,619.8915
11,2014,June,4,11,164.2583024,619.8915
11,2014,July,2,11,111.9862154,619.8915
11,2014,July,2,11,111.9862154,619.8915
11,2014,July,1,11,293.8165549,619.8915
12,2014,April,2,13,49.83042719,915.9638196
12,2014,April,2,13,49.83042719,915.9638196
12,2014,May,6,13,460.330622,915.9638196
12,2014,May,6,13,460.330622,915.9638196
12,2014,May,6,13,460.330622,915.9638196
12,2014,May,6,13,460.330622,915.9638196
12,2014,June,6,13,460.330622,915.9638196
12,2014,July,2,13,111.9862154,915.9638196
12,2014,July,2,13,111.9862154,915.9638196
12,2014,July,1,13,293.8165549,915.9638196
13,2014,April,2,11,49.83042719,619.8915
13,2014,April,2,11,49.83042719,619.8915
13,2014,May,4,11,164.2583024,619.8915
13,2014,May,4,11,164.2583024,619.8915
13,2014,June,4,11,164.2583024,619.8915
13,2014,July,2,11,111.9862154,619.8915
13,2014,July,2,11,111.9862154,619.8915
13,2014,July,1,11,293.8165549,619.8915
14,2014,April,2,11,49.83042719,619.8915
14,2014,April,2,11,49.83042719,619.8915
14,2014,May,4,11,164.2583024,619.8915
14,2014,May,4,11,164.2583024,619.8915
14,2014,June,4,11,164.2583024,619.8915
14,2014,July,2,11,111.9862154,619.8915
14,2014,July,2,11,111.9862154,619.8915
14,2014,July,1,11,293.8165549,619.8915
15,2014,April,2,11,49.83042719,619.8915
15,2014,April,2,11,49.83042719,619.8915
15,2014,May,4,11,164.2583024,619.8915
15,2014,May,4,11,164.2583024,619.8915
15,2014,June,4,11,164.2583024,619.8915
15,2014,July,2,11,111.9862154,619.8915
15,2014,July,2,11,111.9862154,619.8915
15,2014,July,1,11,293.8165549,619.8915
16,2014,April,2,11,49.83042719,619.8915
16,2014,April,2,11,49.83042719,619.8915
16,2014,May,4,11,164.2583024,619.8915
16,2014,May,4,11,164.2583024,619.8915
16,2014,June,4,11,164.2583024,619.8915
16,2014,July,2,11,111.9862154,619.8915
16,2014,July,2,11,111.9862154,619.8915
16,2014,July,1,11,293.8165549,619.8915
17,2014,April,2,11,49.83042719,619.8915
17,2014,April,2,11,49.83042719,619.8915
17,2014,May,4,11,164.2583024,619.8915
17,2014,May,4,11,164.2583024,619.8915
17,2014,June,4,11,164.2583024,619.8915
17,2014,July,2,11,111.9862154,619.8915
17,2014,July,2,11,111.9862154,619.8915
17,2014,July,1,11,293.8165549,619.8915
18,2014,April,2,11,49.83042719,619.8915
18,2014,April,2,11,49.83042719,619.8915
18,2014,May,4,11,164.2583024,619.8915
18,2014,May,4,11,164.2583024,619.8915
18,2014,June,4,11,164.2583024,619.8915
18,2014,July,2,11,111.9862154,619.8915
18,2014,July,2,11,111.9862154,619.8915
18,2014,July,1,11,293.8165549,619.8915
19,2014,April,2,11,49.83042719,619.8915
19,2014,April,2,11,49.83042719,619.8915
19,2014,May,4,11,164.2583024,619.8915
19,2014,May,4,11,164.2583024,619.8915
19,2014,June,4,11,164.2583024,619.8915
19,2014,July,2,11,111.9862154,619.8915
19,2014,July,2,11,111.9862154,619.8915
19,2014,July,1,11,293.8165549,619.8915
20,2014,April,2,11,49.83042719,619.8915
20,2014,April,2,11,49.83042719,619.8915
20,2014,May,4,11,164.2583024,619.8915
20,2014,May,4,11,164.2583024,619.8915
20,2014,June,4,11,164.2583024,619.8915
20,2014,July,2,11,111.9862154,619.8915
20,2014,July,2,11,111.9862154,619.8915
20,2014,July,1,11,293.8165549,619.8915
21,2014,April,2,11,49.83042719,619.8915
21,2014,April,2,11,49.83042719,619.8915
21,2014,May,4,11,164.2583024,619.8915
21,2014,May,4,11,164.2583024,619.8915
21,2014,June,4,11,164.2583024,619.8915
21,2014,July,2,11,111.9862154,619.8915
21,2014,July,2,11,111.9862154,619.8915
21,2014,July,1,11,293.8165549,619.8915
22,2014,April,2,11,49.83042719,619.8915
22,2014,April,2,11,49.83042719,619.8915
22,2014,May,4,11,164.2583024,619.8915
22,2014,May,4,11,164.2583024,619.8915
22,2014,June,4,11,164.2583024,619.8915
22,2014,July,2,11,111.9862154,619.8915
22,2014,July,2,11,111.9862154,619.8915
22,2014,July,1,11,293.8165549,619.8915
23,2014,April,2,11,49.83042719,619.8915
23,2014,April,2,11,49.83042719,619.8915
23,2014,May,4,11,164.2583024,619.8915
23,2014,May,4,11,164.2583024,619.8915
23,2014,June,4,11,164.2583024,619.8915
23,2014,July,2,11,111.9862154,619.8915
23,2014,July,2,11,111.9862154,619.8915
23,2014,July,1,11,293.8165549,619.8915
24,2014,March,1,4,27.03696088,63.08624205
24,2014,April,1,4,36.04928117,63.08624205
25,2014,March,3,10,27.03696088,681.5423949
25,2014,April,1,10,36.04928117,681.5423949
25,2014,May,1,10,121.6627831,681.5423949
25,2014,June,3,10,326.7925554,681.5423949
25,2014,June,3,10,326.7925554,681.5423949
25,2014,June,3,10,326.7925554,681.5423949
25,2014,July,2,10,170.0008143,681.5423949
25,2014,July,2,10,170.0008143,681.5423949
26,2014,April,4,9,134.8795337,161.6129119
26,2014,April,4,9,134.8795337,161.6129119
26,2014,May,4,9,134.8795337,161.6129119
26,2014,May,4,9,134.8795337,161.6129119
26,2014,June,1,9,26.73337811,161.6129119
27,2014,April,4,17,89.5160374,1131.950133
27,2014,May,4,17,89.5160374,1131.950133
27,2014,May,2,17,116.7022578,1131.950133
27,2014,May,2,17,116.7022578,1131.950133
27,2014,June,3,17,177.094569,1131.950133
27,2014,June,3,17,177.094569,1131.950133
27,2014,June,3,17,177.094569,1131.950133
27,2014,July,6,17,748.6372684,1131.950133
27,2014,July,6,17,748.6372684,1131.950133
27,2014,August,6,17,748.6372684,1131.950133
27,2014,August,6,17,748.6372684,1131.950133
27,2014,August,6,17,748.6372684,1131.950133
27,2014,August,6,17,748.6372684,1131.950133
28,2014,April,4,17,89.5160374,1131.950133
28,2014,May,4,17,89.5160374,1131.950133
28,2014,May,2,17,116.7022578,1131.950133
28,2014,May,2,17,116.7022578,1131.950133
28,2014,June,3,17,177.094569,1131.950133
28,2014,June,3,17,177.094569,1131.950133
28,2014,June,3,17,177.094569,1131.950133
28,2014,July,6,17,748.6372684,1131.950133
28,2014,July,6,17,748.6372684,1131.950133
28,2014,August,6,17,748.6372684,1131.950133
28,2014,August,6,17,748.6372684,1131.950133
28,2014,August,6,17,748.6372684,1131.950133
28,2014,August,6,17,748.6372684,1131.950133
29,2014,March,1,6,18.02464059,98.14103417
29,2014,April,1,6,18.02464059,98.14103417
29,2014,May,3,6,44.06711242,98.14103417
29,2014,June,1,6,18.02464059,98.14103417
30,2014,April,1,12,18.02464059,676.5237332
30,2014,May,4,12,303.8756968,676.5237332
30,2014,May,4,12,303.8756968,676.5237332
30,2014,June,4,12,303.8756968,676.5237332
30,2014,June,4,12,303.8756968,676.5237332
30,2014,June,3,12,303.8756968,676.5237332
30,2014,June,3,12,130.010856,676.5237332
30,2014,June,3,12,130.010856,676.5237332
30,2014,July,2,12,224.6125398,676.5237332
30,2014,July,2,12,224.6125398,676.5237332
31,2014,April,3,19,6.356478492,1733.358983
31,2014,May,5,19,401.3594129,1733.358983
31,2014,May,5,19,401.3594129,1733.358983
31,2014,May,5,19,401.3594129,1733.358983
31,2014,May,5,19,401.3594129,1733.358983
31,2014,June,5,19,401.3594129,1733.358983
31,2014,June,6,19,743.9480168,1733.358983
31,2014,June,6,19,743.9480168,1733.358983
31,2014,June,6,19,743.9480168,1733.358983
31,2014,June,6,19,743.9480168,1733.358983
31,2014,July,6,19,743.9480168,1733.358983
31,2014,July,6,19,743.9480168,1733.358983
31,2014,July,5,19,581.6950744,1733.358983
31,2014,July,5,19,581.6950744,1733.358983
31,2014,July,5,19,581.6950744,1733.358983
31,2014,August,5,19,581.6950744,1733.358983
31,2014,August,5,19,581.6950744,1733.358983
32,2014,April,4,19,89.5160374,1249.933725
32,2014,May,4,19,89.5160374,1249.933725
32,2014,May,4,19,147.9000991,1249.933725
32,2014,June,4,19,147.9000991,1249.933725
32,2014,June,4,19,147.9000991,1249.933725
32,2014,June,4,19,400.2714902,1249.933725
32,2014,June,4,19,400.2714902,1249.933725
32,2014,July,5,19,612.2460981,1249.933725
32,2014,July,5,19,612.2460981,1249.933725
32,2014,August,5,19,612.2460981,1249.933725
32,2014,August,5,19,612.2460981,1249.933725
32,2014,August,5,19,612.2460981,1249.933725
33,2014,April,4,17,126.1724841,1408.945203
33,2014,April,4,17,126.1724841,1408.945203
33,2014,April,4,17,126.1724841,1408.945203
33,2014,May,4,17,126.1724841,1408.945203
33,2014,June,1,17,70.50737987,1408.945203
33,2014,June,7,17,779.928315,1408.945203
33,2014,June,7,17,779.928315,1408.945203
33,2014,June,7,17,779.928315,1408.945203
33,2014,June,7,17,779.928315,1408.945203
33,2014,June,7,17,779.928315,1408.945203
33,2014,June,7,17,779.928315,1408.945203
33,2014,June,7,17,779.928315,1408.945203
33,2014,July,3,17,432.3370241,1408.945203
33,2014,July,3,17,432.3370241,1408.945203
33,2014,July,3,17,432.3370241,1408.945203
34,2014,April,4,14,108.1478435,792.2541997
34,2014,April,4,14,108.1478435,792.2541997
34,2014,April,4,14,108.1478435,792.2541997
34,2014,April,4,14,108.1478435,792.2541997
34,2014,June,4,14,143.5865834,792.2541997
34,2014,June,4,14,143.5865834,792.2541997
34,2014,June,2,14,385.0636423,792.2541997
34,2014,June,2,14,385.0636423,792.2541997
34,2014,July,2,14,155.4561305,792.2541997
34,2014,July,2,14,155.4561305,792.2541997
35,2014,May,1,7,6.356478492,181.0814462
35,2014,May,2,7,12.71295698,181.0814462
35,2014,June,2,7,12.71295698,181.0814462
35,2014,July,1,7,6.356478492,181.0814462
35,2014,July,2,7,155.6555322,181.0814462
35,2014,August,2,7,155.6555322,181.0814462
36,2014,May,1,7,6.356478492,181.0814462
36,2014,May,2,7,12.71295698,181.0814462
36,2014,June,2,7,12.71295698,181.0814462
36,2014,July,1,7,6.356478492,181.0814462
36,2014,July,2,7,155.6555322,181.0814462
36,2014,August,2,7,155.6555322,181.0814462
37,2014,April,2,5,6.356478492,168.3684892
37,2014,June,1,5,6.356478492,168.3684892
37,2014,July,1,5,61.69395738,168.3684892
37,2014,July,1,5,93.96157486,168.3684892
38,2014,May,1,5,6.356478492,177.1819117
38,2014,June,1,5,6.356478492,177.1819117
38,2014,July,2,5,164.4689547,177.1819117
38,2014,July,2,5,164.4689547,177.1819117
39,2014,May,1,5,6.356478492,177.1819117
39,2014,June,1,5,6.356478492,177.1819117
39,2014,July,2,5,164.4689547,177.1819117
39,2014,July,2,5,164.4689547,177.1819117
40,2014,May,2,5,12.71295698,177.1819117
40,2014,June,2,5,12.71295698,177.1819117
40,2014,July,2,5,164.4689547,177.1819117
40,2014,August,2,5,164.4689547,177.1819117
41,2014,June,1,4,6.356478492,170.8254332
41,2014,July,1,4,70.50737987,170.8254332
41,2014,July,1,4,93.96157486,170.8254332
42,2014,May,1,6,6.356478492,174.7249677
42,2014,May,2,6,12.71295698,174.7249677
42,2014,June,2,6,12.71295698,174.7249677
42,2014,July,2,6,155.6555322,174.7249677
42,2014,August,2,6,155.6555322,174.7249677
43,2014,April,2,5,6.356478492,168.3684892
43,2014,June,1,5,6.356478492,168.3684892
43,2014,July,1,5,61.69395738,168.3684892
43,2014,July,1,5,93.96157486,168.3684892
44,2014,April,2,5,6.356478492,168.3684892
44,2014,June,1,5,6.356478492,168.3684892
44,2014,July,1,5,61.69395738,168.3684892
44,2014,July,1,5,93.96157486,168.3684892
45,2014,May,1,5,6.356478492,177.1819117
45,2014,June,1,5,6.356478492,177.1819117
45,2014,July,2,5,164.4689547,177.1819117
45,2014,July,2,5,164.4689547,177.1819117
46,2014,April,3,12,12.71295698,249.1928613
46,2014,May,3,12,12.71295698,249.1928613
46,2014,May,7,12,86.40063895,249.1928613
46,2014,May,7,12,86.40063895,249.1928613
46,2014,May,7,12,86.40063895,249.1928613
46,2014,April,3,12,12.71295698,249.1928613
46,2014,May,7,12,86.40063895,249.1928613
46,2014,May,7,12,86.40063895,249.1928613
46,2014,May,7,12,86.40063895,249.1928613
46,2014,June,7,12,86.40063895,249.1928613
46,2014,July,2,12,150.0792653,249.1928613
46,2014,August,2,12,150.0792653,249.1928613
47,2014,April,3,9,25.9702387,94.34623706
47,2014,April,3,9,25.9702387,94.34623706
47,2014,May,3,9,25.9702387,94.34623706
47,2014,May,5,9,50.35135778,94.34623706
47,2014,May,5,9,50.35135778,94.34623706
47,2014,May,5,9,50.35135778,94.34623706
47,2014,May,5,9,50.35135778,94.34623706
47,2014,May,5,9,50.35135778,94.34623706
47,2014,June,1,9,18.02464059,94.34623706
48,2014,May,2,2,22.79199945,22.79199945
48,2014,May,2,2,22.79199945,22.79199945
49,2014,April,3,9,25.9702387,94.34623706
49,2014,April,3,9,25.9702387,94.34623706
49,2014,May,3,9,25.9702387,94.34623706
49,2014,May,5,9,50.35135778,94.34623706
49,2014,May,5,9,50.35135778,94.34623706
49,2014,May,5,9,50.35135778,94.34623706
49,2014,May,5,9,50.35135778,94.34623706
49,2014,May,5,9,50.35135778,94.34623706
49,2014,June,1,9,18.02464059,94.34623706
50,2014,April,1,4,3.178239246,43.99487929
50,2014,May,2,4,22.79199945,43.99487929
50,2014,May,2,4,22.79199945,43.99487929
50,2014,June,1,4,18.02464059,43.99487929
51,2014,April,1,4,3.178239246,43.99487929
51,2014,May,2,4,22.79199945,43.99487929
51,2014,May,2,4,22.79199945,43.99487929
51,2014,June,1,4,18.02464059,43.99487929
52,2014,April,2,9,7.945598115,172.6322107
52,2014,May,2,9,7.945598115,172.6322107
52,2014,May,5,9,50.35135778,172.6322107
52,2014,May,5,9,50.35135778,172.6322107
52,2014,May,5,9,50.35135778,172.6322107
52,2014,May,5,9,50.35135778,172.6322107
52,2014,May,5,9,50.35135778,172.6322107
52,2014,June,1,9,18.02464059,172.6322107
52,2014,August,1,9,96.31061423,172.6322107
53,2014,April,2,9,7.945598115,172.6322107
53,2014,May,2,9,7.945598115,172.6322107
53,2014,May,6,9,68.37599836,172.6322107
53,2014,May,6,9,68.37599836,172.6322107
53,2014,May,6,9,68.37599836,172.6322107
53,2014,May,6,9,68.37599836,172.6322107
53,2014,May,6,9,68.37599836,172.6322107
53,2014,June,6,9,68.37599836,172.6322107
53,2014,August,1,9,96.31061423,172.6322107
54,2014,April,2,10,7.945598115,226.4008618
54,2014,May,2,10,7.945598115,226.4008618
54,2014,May,6,10,68.37599836,226.4008618
54,2014,May,6,10,68.37599836,226.4008618
54,2014,May,6,10,68.37599836,226.4008618
54,2014,May,6,10,68.37599836,226.4008618
54,2014,May,6,10,68.37599836,226.4008618
54,2014,June,6,10,68.37599836,226.4008618
54,2014,July,2,10,150.0792653,226.4008618
54,2014,August,2,10,150.0792653,226.4008618
55,2014,April,2,8,7.945598115,154.6075701
55,2014,May,2,8,7.945598115,154.6075701
55,2014,May,4,8,32.32671719,154.6075701
55,2014,May,4,8,32.32671719,154.6075701
55,2014,May,4,8,32.32671719,154.6075701
55,2014,May,4,8,32.32671719,154.6075701
55,2014,June,1,8,18.02464059,154.6075701
55,2014,August,1,8,96.31061423,154.6075701
56,2014,May,2,11,21.6295687,588.6236279
56,2014,June,3,11,117.4251509,588.6236279
56,2014,June,3,11,117.4251509,588.6236279
56,2014,July,3,11,117.4251509,588.6236279
56,2014,July,4,11,449.5689083,588.6236279
56,2014,July,4,11,449.5689083,588.6236279
56,2014,July,4,11,449.5689083,588.6236279
56,2014,July,4,11,449.5689083,588.6236279
57,2014,May,2,11,21.6295687,588.6236279
57,2014,June,3,11,117.4251509,588.6236279
57,2014,June,3,11,117.4251509,588.6236279
57,2014,July,3,11,117.4251509,588.6236279
57,2014,July,4,11,449.5689083,588.6236279
57,2014,July,4,11,449.5689083,588.6236279
57,2014,July,4,11,449.5689083,588.6236279
57,2014,July,4,11,449.5689083,588.6236279
58,2014,May,2,11,21.6295687,588.6236279
58,2014,June,3,11,117.4251509,588.6236279
58,2014,June,3,11,117.4251509,588.6236279
58,2014,July,3,11,117.4251509,588.6236279
58,2014,July,4,11,449.5689083,588.6236279
58,2014,July,4,11,449.5689083,588.6236279
58,2014,July,4,11,449.5689083,588.6236279
58,2014,July,4,11,449.5689083,588.6236279
59,2014,May,2,11,21.6295687,588.6236279
59,2014,June,3,11,117.4251509,588.6236279
59,2014,June,3,11,117.4251509,588.6236279
59,2014,July,3,11,117.4251509,588.6236279
59,2014,July,4,11,449.5689083,588.6236279
59,2014,July,4,11,449.5689083,588.6236279
59,2014,July,4,11,449.5689083,588.6236279
59,2014,July,4,11,449.5689083,588.6236279
60,2014,May,2,9,21.6295687,390.5186827
60,2014,June,2,9,36.77217428,390.5186827
60,2014,June,2,9,36.77217428,390.5186827
60,2014,July,3,9,332.1169397,390.5186827
60,2014,July,3,9,332.1169397,390.5186827
60,2014,July,3,9,332.1169397,390.5186827
61,2014,May,2,8,21.6295687,360.1029869
61,2014,June,1,8,6.356478492,360.1029869
61,2014,July,3,8,332.1169397,360.1029869
61,2014,July,3,8,332.1169397,360.1029869
61,2014,July,3,8,332.1169397,360.1029869
62,2014,May,1,5,21.6295687,205.3100205
62,2014,June,2,5,36.77217428,205.3100205
62,2014,June,2,5,36.77217428,205.3100205
62,2014,July,1,5,146.9082775,205.3100205
63,2014,May,2,7,21.6295687,353.7465084
63,2014,July,3,7,332.1169397,353.7465084
63,2014,July,3,7,332.1169397,353.7465084
63,2014,July,3,7,332.1169397,353.7465084
64,2014,May,2,9,21.6295687,390.5186827
64,2014,June,2,9,36.77217428,390.5186827
64,2014,June,2,9,36.77217428,390.5186827
64,2014,July,3,9,332.1169397,390.5186827
64,2014,July,3,9,332.1169397,390.5186827
64,2014,July,3,9,332.1169397,390.5186827
65,2014,May,1,5,21.6295687,205.3100205
65,2014,June,2,5,36.77217428,205.3100205
65,2014,June,2,5,36.77217428,205.3100205
65,2014,July,1,5,146.9082775,205.3100205
66,2014,May,2,7,21.6295687,352.2182979
66,2014,June,2,7,36.77217428,352.2182979
66,2014,June,2,7,36.77217428,352.2182979
66,2014,July,2,7,293.8165549,352.2182979
66,2014,July,2,7,293.8165549,352.2182979
67,2014,May,5,14,265.7304321,615.672063
67,2014,May,5,14,265.7304321,615.672063
67,2014,May,5,14,265.7304321,615.672063
67,2014,May,5,14,265.7304321,615.672063
67,2014,June,5,14,265.7304321,615.672063
67,2014,June,3,14,162.0184812,615.672063
67,2014,July,3,14,162.0184812,615.672063
67,2014,July,3,14,162.0184812,615.672063
67,2014,July,2,14,187.9231497,615.672063
67,2014,July,2,14,187.9231497,615.672063
68,2014,May,5,11,265.7304321,611.7720583
68,2014,May,5,11,265.7304321,611.7720583
68,2014,May,5,11,265.7304321,611.7720583
68,2014,May,5,11,265.7304321,611.7720583
68,2014,June,5,11,265.7304321,611.7720583
68,2014,June,3,11,246.9677358,611.7720583
68,2014,June,3,11,246.9677358,611.7720583
68,2014,June,3,11,246.9677358,611.7720583
68,2014,August,1,11,99.07389045,611.7720583
69,2014,May,5,11,265.7304321,611.7720583
69,2014,May,5,11,265.7304321,611.7720583
69,2014,May,5,11,265.7304321,611.7720583
69,2014,May,5,11,265.7304321,611.7720583
69,2014,June,5,11,265.7304321,611.7720583
69,2014,June,3,11,246.9677358,611.7720583
69,2014,June,3,11,246.9677358,611.7720583
69,2014,June,3,11,246.9677358,611.7720583
69,2014,August,1,11,99.07389045,611.7720583
70,2014,May,5,12,78.14977019,231.1559311
70,2014,May,5,12,78.14977019,231.1559311
70,2014,May,5,12,78.14977019,231.1559311
70,2014,May,5,12,78.14977019,231.1559311
70,2014,June,5,12,78.14977019,231.1559311
70,2014,June,1,12,143.9938406,231.1559311
70,2014,July,1,12,9.012320293,231.1559311
71,2014,May,5,17,125.8233589,707.7860817
71,2014,May,5,17,125.8233589,707.7860817
71,2014,May,5,17,125.8233589,707.7860817
71,2014,May,5,17,125.8233589,707.7860817
71,2014,June,5,17,125.8233589,707.7860817
71,2014,June,2,17,201.0041078,707.7860817
71,2014,July,2,17,201.0041078,707.7860817
71,2014,July,4,17,380.958615,707.7860817
71,2014,July,4,17,380.958615,707.7860817
71,2014,July,4,17,380.958615,707.7860817
71,2014,August,4,17,380.958615,707.7860817
72,2014,May,3,12,69.1374499,410.0667605
72,2014,May,3,12,69.1374499,410.0667605
72,2014,June,3,12,69.1374499,410.0667605
72,2014,June,4,12,153.0061609,410.0667605
72,2014,June,4,12,153.0061609,410.0667605
72,2014,July,2,12,187.9231497,410.0667605
72,2014,July,2,12,187.9231497,410.0667605
73,2014,May,2,18,9.012320293,556.4118187
73,2014,May,3,18,18.54703803,556.4118187
73,2014,May,3,18,18.54703803,556.4118187
73,2014,May,3,18,18.54703803,556.4118187
73,2014,June,6,18,246.9677358,556.4118187
73,2014,June,6,18,246.9677358,556.4118187
73,2014,June,6,18,246.9677358,556.4118187
73,2014,July,3,18,281.8847246,556.4118187
73,2014,July,3,18,281.8847246,556.4118187
73,2014,July,3,18,281.8847246,556.4118187
74,2014,June,1,11,53.76865112,484.7595319
74,2014,June,3,11,143.9938406,484.7595319
74,2014,July,3,11,286.9970402,484.7595319
74,2014,July,3,11,286.9970402,484.7595319
74,2014,August,3,11,286.9970402,484.7595319
75,2014,May,4,18,12.19055954,841.2732996
75,2014,May,4,18,12.19055954,841.2732996
75,2014,June,1,18,53.76865112,841.2732996
75,2014,June,4,18,153.0061609,841.2732996
75,2014,June,4,18,153.0061609,841.2732996
75,2014,July,5,18,622.307928,841.2732996
75,2014,July,5,18,622.307928,841.2732996
75,2014,July,5,18,622.307928,841.2732996
75,2014,August,5,18,622.307928,841.2732996
75,2014,August,5,18,622.307928,841.2732996
76,2014,May,2,13,12.19055954,428.0914011
76,2014,May,2,13,12.19055954,428.0914011
76,2014,May,4,13,74.97153095,428.0914011
76,2014,May,4,13,74.97153095,428.0914011
76,2014,May,4,13,74.97153095,428.0914011
76,2014,June,4,13,74.97153095,428.0914011
76,2014,June,4,13,153.0061609,428.0914011
76,2014,July,4,13,153.0061609,428.0914011
76,2014,July,2,13,187.9231497,428.0914011
76,2014,July,2,13,187.9231497,428.0914011
77,2014,June,1,12,53.76865112,403.710282
77,2014,June,3,12,162.0184812,403.710282
77,2014,July,3,12,162.0184812,403.710282
77,2014,July,3,12,162.0184812,403.710282
77,2014,July,2,12,187.9231497,403.710282
77,2014,July,2,12,187.9231497,403.710282
78,2014,May,5,17,12.19055954,653.3501499
78,2014,May,5,17,12.19055954,653.3501499
78,2014,June,1,17,53.76865112,653.3501499
78,2014,June,4,17,153.0061609,653.3501499
78,2014,June,4,17,153.0061609,653.3501499
78,2014,July,3,17,434.3847783,653.3501499
78,2014,July,3,17,434.3847783,653.3501499
78,2014,August,3,17,434.3847783,653.3501499
79,2014,May,7,22,12.19055954,706.076121
79,2014,May,7,22,12.19055954,706.076121
79,2014,May,3,22,65.95921065,706.076121
79,2014,May,3,22,65.95921065,706.076121
79,2014,June,3,22,65.95921065,706.076121
79,2014,June,4,22,246.9677358,706.076121
79,2014,June,4,22,246.9677358,706.076121
79,2014,June,4,22,246.9677358,706.076121
79,2014,July,4,22,380.958615,706.076121
79,2014,July,4,22,380.958615,706.076121
79,2014,July,4,22,380.958615,706.076121
79,2014,August,4,22,380.958615,706.076121
80,2014,May,5,11,300.379354,670.2954084
80,2014,May,5,11,300.379354,670.2954084
80,2014,May,5,11,300.379354,670.2954084
80,2014,June,5,11,300.379354,670.2954084
80,2014,June,5,11,300.379354,670.2954084
80,2014,June,6,11,369.9160544,670.2954084
80,2014,June,6,11,369.9160544,670.2954084
80,2014,June,6,11,369.9160544,670.2954084
80,2014,June,6,11,369.9160544,670.2954084
80,2014,July,6,11,369.9160544,670.2954084
80,2014,July,6,11,369.9160544,670.2954084
81,2014,May,5,14,84.50624868,425.4355593
81,2014,May,5,14,84.50624868,425.4355593
81,2014,May,5,14,84.50624868,425.4355593
81,2014,May,5,14,84.50624868,425.4355593
81,2014,June,5,14,84.50624868,425.4355593
81,2014,June,5,14,153.0061609,425.4355593
81,2014,July,5,14,153.0061609,425.4355593
81,2014,July,2,14,187.9231497,425.4355593
81,2014,July,2,14,187.9231497,425.4355593
82,2014,June,1,3,53.76865112,156.7425463
82,2014,June,1,3,9.012320293,156.7425463
82,2014,July,1,3,93.96157486,156.7425463
83,2014,May,2,10,62.78097141,403.710282
83,2014,June,2,10,62.78097141,403.710282
83,2014,June,4,10,153.0061609,403.710282
83,2014,July,4,10,153.0061609,403.710282
83,2014,July,2,10,187.9231497,403.710282
83,2014,July,2,10,187.9231497,403.710282
84,2014,May,5,20,78.14977019,563.0729215
84,2014,May,5,20,78.14977019,563.0729215
84,2014,May,5,20,78.14977019,563.0729215
84,2014,May,5,20,78.14977019,563.0729215
84,2014,June,5,20,78.14977019,563.0729215
84,2014,June,6,20,390.9615764,563.0729215
84,2014,June,6,20,390.9615764,563.0729215
84,2014,July,6,20,390.9615764,563.0729215
84,2014,July,6,20,390.9615764,563.0729215
84,2014,July,1,20,93.96157486,563.0729215
85,2014,May,3,13,65.95921065,227.9776919
85,2014,May,3,13,65.95921065,227.9776919
85,2014,June,3,13,65.95921065,227.9776919
85,2014,June,4,13,153.0061609,227.9776919
85,2014,July,4,13,153.0061609,227.9776919
85,2014,July,1,13,9.012320293,227.9776919
86,2014,May,3,16,65.95921065,406.8885213
86,2014,May,3,16,65.95921065,406.8885213
86,2014,June,3,16,65.95921065,406.8885213
86,2014,June,4,16,153.0061609,406.8885213
86,2014,July,4,16,153.0061609,406.8885213
86,2014,July,2,16,187.9231497,406.8885213
86,2014,July,2,16,187.9231497,406.8885213
87,2014,May,3,6,69.1374499,307.0928654
87,2014,May,3,6,69.1374499,307.0928654
87,2014,June,3,6,69.1374499,307.0928654
87,2014,June,1,6,143.9938406,307.0928654
87,2014,July,1,6,93.96157486,307.0928654
88,2014,May,3,14,69.1374499,410.0667605
88,2014,May,3,14,69.1374499,410.0667605
88,2014,June,3,14,69.1374499,410.0667605
88,2014,June,6,14,153.0061609,410.0667605
88,2014,June,6,14,153.0061609,410.0667605
88,2014,July,2,14,187.9231497,410.0667605
88,2014,July,2,14,187.9231497,410.0667605
89,2014,May,3,16,65.95921065,644.3378296
89,2014,May,3,16,65.95921065,644.3378296
89,2014,June,3,16,65.95921065,644.3378296
89,2014,June,3,16,143.9938406,644.3378296
89,2014,July,3,16,434.3847783,644.3378296
89,2014,July,3,16,434.3847783,644.3378296
89,2014,August,3,16,434.3847783,644.3378296
90,2014,May,3,13,65.95921065,747.3117247
90,2014,May,3,13,65.95921065,747.3117247
90,2014,June,3,13,65.95921065,747.3117247
90,2014,June,5,13,246.9677358,747.3117247
90,2014,June,5,13,246.9677358,747.3117247
90,2014,June,5,13,246.9677358,747.3117247
90,2014,July,3,13,434.3847783,747.3117247
90,2014,July,3,13,434.3847783,747.3117247
90,2014,August,3,13,434.3847783,747.3117247
91,2014,May,3,11,65.95921065,500.8500962
91,2014,May,3,11,65.95921065,500.8500962
91,2014,June,3,11,65.95921065,500.8500962
91,2014,June,3,11,153.0061609,500.8500962
91,2014,July,3,11,153.0061609,500.8500962
91,2014,July,3,11,281.8847246,500.8500962
91,2014,July,3,11,281.8847246,500.8500962
91,2014,July,3,11,281.8847246,500.8500962
92,2014,May,3,11,65.95921065,406.8885213
92,2014,May,3,11,65.95921065,406.8885213
92,2014,June,3,11,65.95921065,406.8885213
92,2014,June,3,11,153.0061609,406.8885213
92,2014,July,3,11,153.0061609,406.8885213
92,2014,July,2,11,187.9231497,406.8885213
92,2014,July,2,11,187.9231497,406.8885213
93,2014,May,3,10,65.95921065,218.9653716
93,2014,May,3,10,65.95921065,218.9653716
93,2014,June,3,10,65.95921065,218.9653716
93,2014,June,2,10,143.9938406,218.9653716
93,2014,July,1,10,9.012320293,218.9653716
95,2014,April,1,13,3.178239246,393.2230045
95,2014,May,5,13,192.3507942,393.2230045
95,2014,May,5,13,192.3507942,393.2230045
95,2014,May,5,13,192.3507942,393.2230045
95,2014,June,5,13,192.3507942,393.2230045
95,2014,June,5,13,192.3507942,393.2230045
95,2014,July,4,13,197.693971,393.2230045
95,2014,July,4,13,197.693971,393.2230045
95,2014,August,4,13,197.693971,393.2230045
96,2014,May,2,13,3.178239246,404.8911666
96,2014,May,5,13,204.0189563,404.8911666
96,2014,May,5,13,204.0189563,404.8911666
96,2014,June,5,13,204.0189563,404.8911666
96,2014,June,5,13,204.0189563,404.8911666
96,2014,July,3,13,197.693971,404.8911666
96,2014,July,3,13,197.693971,404.8911666
96,2014,August,3,13,197.693971,404.8911666
97,2014,April,1,13,6.356478492,264.9944838
97,2014,May,6,13,60.94403434,264.9944838
97,2014,May,6,13,60.94403434,264.9944838
97,2014,May,6,13,60.94403434,264.9944838
97,2014,June,6,13,60.94403434,264.9944838
97,2014,June,6,13,60.94403434,264.9944838
97,2014,July,4,13,197.693971,264.9944838
97,2014,July,4,13,197.693971,264.9944838
97,2014,August,4,13,197.693971,264.9944838
98,2014,April,1,13,3.178239246,405.8100852
98,2014,May,4,13,40.27231531,405.8100852
98,2014,May,4,13,40.27231531,405.8100852
98,2014,May,4,13,40.27231531,405.8100852
98,2014,June,4,13,40.27231531,405.8100852
98,2014,June,2,13,164.6655597,405.8100852
98,2014,June,2,13,164.6655597,405.8100852
98,2014,July,4,13,197.693971,405.8100852
98,2014,July,4,13,197.693971,405.8100852
98,2014,August,4,13,197.693971,405.8100852
99,2014,April,3,12,3.178239246,261.8162446
99,2014,May,5,12,60.94403434,261.8162446
99,2014,May,5,12,60.94403434,261.8162446
99,2014,May,5,12,60.94403434,261.8162446
99,2014,June,5,12,60.94403434,261.8162446
99,2014,June,5,12,60.94403434,261.8162446
99,2014,July,4,12,197.693971,261.8162446
99,2014,July,4,12,197.693971,261.8162446
99,2014,August,4,12,197.693971,261.8162446
100,2014,May,3,18,3.178239246,588.5002855
100,2014,May,5,18,58.29695589,588.5002855
100,2014,May,5,18,58.29695589,588.5002855
100,2014,May,5,18,58.29695589,588.5002855
100,2014,June,5,18,58.29695589,588.5002855
100,2014,June,5,18,329.3311193,588.5002855
100,2014,June,5,18,329.3311193,588.5002855
100,2014,July,5,18,329.3311193,588.5002855
100,2014,July,5,18,329.3311193,588.5002855
100,2014,July,3,18,197.693971,588.5002855
100,2014,July,3,18,197.693971,588.5002855
100,2014,August,3,18,197.693971,588.5002855
101,2014,May,3,20,3.178239246,740.5787644
101,2014,May,6,20,210.3754348,740.5787644
101,2014,May,6,20,210.3754348,740.5787644
101,2014,May,6,20,210.3754348,740.5787644
101,2014,June,6,20,210.3754348,740.5787644
101,2014,June,6,20,210.3754348,740.5787644
101,2014,June,6,20,329.3311193,740.5787644
101,2014,June,6,20,329.3311193,740.5787644
101,2014,July,6,20,329.3311193,740.5787644
101,2014,July,6,20,329.3311193,740.5787644
101,2014,July,3,20,197.693971,740.5787644
101,2014,July,3,20,197.693971,740.5787644
101,2014,August,3,20,197.693971,740.5787644
102,2014,May,3,20,3.178239246,740.5787644
102,2014,May,6,20,210.3754348,740.5787644
102,2014,May,6,20,210.3754348,740.5787644
102,2014,May,6,20,210.3754348,740.5787644
102,2014,June,6,20,210.3754348,740.5787644
102,2014,June,6,20,210.3754348,740.5787644
102,2014,June,6,20,329.3311193,740.5787644
102,2014,June,6,20,329.3311193,740.5787644
102,2014,July,6,20,329.3311193,740.5787644
102,2014,July,6,20,329.3311193,740.5787644
102,2014,July,3,20,197.693971,740.5787644
102,2014,July,3,20,197.693971,740.5787644
102,2014,August,3,20,197.693971,740.5787644
103,2014,April,3,15,3.178239246,570.4756449
103,2014,May,4,15,40.27231531,570.4756449
103,2014,May,4,15,40.27231531,570.4756449
103,2014,May,4,15,40.27231531,570.4756449
103,2014,June,4,15,40.27231531,570.4756449
103,2014,June,4,15,329.3311193,570.4756449
103,2014,June,4,15,329.3311193,570.4756449
103,2014,June,4,15,329.3311193,570.4756449
103,2014,June,4,15,329.3311193,570.4756449
103,2014,July,4,15,197.693971,570.4756449
103,2014,July,4,15,197.693971,570.4756449
103,2014,August,4,15,197.693971,570.4756449
104,2014,May,3,19,3.178239246,570.4756449
104,2014,May,5,19,40.27231531,570.4756449
104,2014,May,5,19,40.27231531,570.4756449
104,2014,May,5,19,40.27231531,570.4756449
104,2014,June,5,19,40.27231531,570.4756449
104,2014,June,6,19,329.3311193,570.4756449
104,2014,June,6,19,329.3311193,570.4756449
104,2014,June,6,19,329.3311193,570.4756449
104,2014,June,6,19,329.3311193,570.4756449
104,2014,July,3,19,197.693971,570.4756449
104,2014,July,3,19,197.693971,570.4756449
104,2014,August,3,19,197.693971,570.4756449
105,2014,May,1,9,6.356478492,200.4894405
105,2014,May,3,9,48.76223815,200.4894405
105,2014,May,3,9,48.76223815,200.4894405
105,2014,May,3,9,48.76223815,200.4894405
105,2014,June,3,9,18.147934,200.4894405
105,2014,June,3,9,18.147934,200.4894405
105,2014,July,2,9,127.2227899,200.4894405
105,2014,July,2,9,127.2227899,200.4894405
106,2014,April,1,13,3.178239246,393.2230045
106,2014,May,5,13,192.3507942,393.2230045
106,2014,May,5,13,192.3507942,393.2230045
106,2014,May,5,13,192.3507942,393.2230045
106,2014,June,5,13,192.3507942,393.2230045
106,2014,June,5,13,192.3507942,393.2230045
106,2014,July,4,13,197.693971,393.2230045
106,2014,July,4,13,197.693971,393.2230045
106,2014,August,4,13,197.693971,393.2230045
107,2014,April,2,14,68.77698968,498.6409669
107,2014,April,2,14,68.77698968,498.6409669
107,2014,April,1,14,3.178239246,498.6409669
107,2014,May,4,14,58.29695589,498.6409669
107,2014,May,4,14,58.29695589,498.6409669
107,2014,May,4,14,58.29695589,498.6409669
107,2014,June,4,14,58.29695589,498.6409669
107,2014,June,3,14,170.694811,498.6409669
107,2014,June,3,14,170.694811,498.6409669
107,2014,June,3,14,170.694811,498.6409669
107,2014,July,4,14,197.693971,498.6409669
107,2014,July,4,14,197.693971,498.6409669
107,2014,August,4,14,197.693971,498.6409669
108,2014,May,3,24,3.178239246,1014.380015
108,2014,May,8,24,201.885512,1014.380015
108,2014,May,8,24,201.885512,1014.380015
108,2014,May,8,24,201.885512,1014.380015
108,2014,June,8,24,201.885512,1014.380015
108,2014,June,8,24,201.885512,1014.380015
108,2014,June,8,24,201.885512,1014.380015
108,2014,June,8,24,611.6222929,1014.380015
108,2014,June,8,24,611.6222929,1014.380015
108,2014,June,8,24,611.6222929,1014.380015
108,2014,June,8,24,611.6222929,1014.380015
108,2014,July,8,24,611.6222929,1014.380015
108,2014,July,8,24,611.6222929,1014.380015
108,2014,July,3,24,197.693971,1014.380015
108,2014,July,3,24,197.693971,1014.380015
108,2014,August,3,24,197.693971,1014.380015
1,2015,May,2,7,133.5335116,500.424066
1,2015,May,2,7,133.5335116,500.424066
1,2015,June,1,7,70.47118114,500.424066
1,2015,July,2,7,296.4193733,500.424066
1,2015,July,2,7,296.4193733,500.424066
2,2015,May,2,7,133.5335116,500.424066
2,2015,May,2,7,133.5335116,500.424066
2,2015,June,1,7,70.47118114,500.424066
2,2015,July,2,7,296.4193733,500.424066
2,2015,July,2,7,296.4193733,500.424066
3,2015,May,2,7,133.5335116,500.424066
3,2015,May,2,7,133.5335116,500.424066
3,2015,June,1,7,70.47118114,500.424066
3,2015,July,2,7,296.4193733,500.424066
3,2015,July,2,7,296.4193733,500.424066
4,2015,May,2,7,133.5335116,500.424066
4,2015,May,2,7,133.5335116,500.424066
4,2015,June,1,7,70.47118114,500.424066
4,2015,July,2,7,296.4193733,500.424066
4,2015,July,2,7,296.4193733,500.424066
5,2015,May,2,7,133.5335116,500.424066
5,2015,May,2,7,133.5335116,500.424066
5,2015,June,1,7,70.47118114,500.424066
5,2015,July,2,7,296.4193733,500.424066
5,2015,July,2,7,296.4193733,500.424066
6,2015,May,2,7,133.5335116,500.424066
6,2015,May,2,7,133.5335116,500.424066
6,2015,June,1,7,70.47118114,500.424066
6,2015,July,2,7,296.4193733,500.424066
6,2015,July,2,7,296.4193733,500.424066
7,2015,May,2,7,133.5335116,500.424066
7,2015,May,2,7,133.5335116,500.424066
7,2015,June,1,7,70.47118114,500.424066
7,2015,July,2,7,296.4193733,500.424066
7,2015,July,2,7,296.4193733,500.424066
8,2015,May,2,8,133.5335116,500.424066
8,2015,May,2,8,133.5335116,500.424066
8,2015,June,1,8,70.47118114,500.424066
8,2015,July,2,8,296.4193733,500.424066
8,2015,July,2,8,296.4193733,500.424066
9,2015,May,2,8,133.5335116,500.424066
9,2015,May,2,8,133.5335116,500.424066
9,2015,June,1,8,70.47118114,500.424066
9,2015,July,2,8,296.4193733,500.424066
9,2015,July,2,8,296.4193733,500.424066
10,2015,May,2,8,133.5335116,500.424066
10,2015,May,2,8,133.5335116,500.424066
10,2015,June,1,8,70.47118114,500.424066
10,2015,July,2,8,296.4193733,500.424066
10,2015,July,2,8,296.4193733,500.424066
11,2015,May,2,8,133.5335116,500.424066
11,2015,May,2,8,133.5335116,500.424066
11,2015,June,1,8,70.47118114,500.424066
11,2015,July,2,8,296.4193733,500.424066
11,2015,July,2,8,296.4193733,500.424066
12,2015,May,2,8,133.5335116,500.424066
12,2015,May,2,8,133.5335116,500.424066
12,2015,June,1,8,70.47118114,500.424066
12,2015,July,2,8,296.4193733,500.424066
12,2015,July,2,8,296.4193733,500.424066
13,2015,May,2,8,133.5335116,500.424066
13,2015,May,2,8,133.5335116,500.424066
13,2015,June,1,8,70.47118114,500.424066
13,2015,July,2,8,296.4193733,500.424066
13,2015,July,2,8,296.4193733,500.424066
14,2015,May,2,7,133.5335116,500.424066
14,2015,May,2,7,133.5335116,500.424066
14,2015,June,1,7,70.47118114,500.424066
14,2015,July,2,7,296.4193733,500.424066
14,2015,July,2,7,296.4193733,500.424066
15,2015,May,2,7,133.5335116,500.424066
15,2015,May,2,7,133.5335116,500.424066
15,2015,June,1,7,70.47118114,500.424066
15,2015,July,2,7,296.4193733,500.424066
15,2015,July,2,7,296.4193733,500.424066
16,2015,May,2,7,133.5335116,500.424066
16,2015,May,2,7,133.5335116,500.424066
16,2015,June,1,7,70.47118114,500.424066
16,2015,July,2,7,296.4193733,500.424066
16,2015,July,2,7,296.4193733,500.424066
17,2015,May,2,7,133.5335116,500.424066
17,2015,May,2,7,133.5335116,500.424066
17,2015,June,1,7,70.47118114,500.424066
17,2015,July,2,7,296.4193733,500.424066
17,2015,July,2,7,296.4193733,500.424066
18,2015,May,2,7,133.5335116,500.424066
18,2015,May,2,7,133.5335116,500.424066
18,2015,June,1,7,70.47118114,500.424066
18,2015,July,2,7,296.4193733,500.424066
18,2015,July,2,7,296.4193733,500.424066
19,2015,May,2,7,133.5335116,500.424066
19,2015,May,2,7,133.5335116,500.424066
19,2015,June,1,7,70.47118114,500.424066
19,2015,July,2,7,296.4193733,500.424066
19,2015,July,2,7,296.4193733,500.424066
20,2015,May,2,7,133.5335116,500.424066
20,2015,May,2,7,133.5335116,500.424066
20,2015,June,1,7,70.47118114,500.424066
20,2015,July,2,7,296.4193733,500.424066
20,2015,July,2,7,296.4193733,500.424066
21,2015,March,2,5,44.66249743,152.8103409
21,2015,March,2,5,44.66249743,152.8103409
21,2015,May,1,5,36.04928117,152.8103409
21,2015,June,1,5,36.04928117,152.8103409
21,2015,July,1,5,36.04928117,152.8103409
22,2015,March,2,10,26.63785685,539.9247255
22,2015,March,2,10,26.63785685,539.9247255
22,2015,April,2,10,72.09856234,539.9247255
22,2015,April,2,10,72.09856234,539.9247255
22,2015,May,2,10,72.09856234,539.9247255
22,2015,May,2,10,72.09856234,539.9247255
22,2015,June,2,10,167.5908669,539.9247255
22,2015,June,2,10,167.5908669,539.9247255
22,2015,July,2,10,201.4988771,539.9247255
22,2015,July,2,10,201.4988771,539.9247255
23,2015,March,2,10,48.96910556,599.2147682
23,2015,March,2,10,48.96910556,599.2147682
23,2015,April,2,10,72.09856234,599.2147682
23,2015,April,2,10,72.09856234,599.2147682
23,2015,May,1,10,36.04928117,599.2147682
23,2015,June,2,10,211.2419545,599.2147682
23,2015,June,2,10,211.2419545,599.2147682
23,2015,July,1,10,230.8558646,599.2147682
24,2015,April,1,6,36.04928117,342.3716547
24,2015,May,1,6,36.04928117,342.3716547
24,2015,June,1,6,94.09513945,342.3716547
24,2015,July,2,6,176.1779529,342.3716547
24,2015,August,2,6,176.1779529,342.3716547
25,2015,April,1,6,36.04928117,342.3716547
25,2015,May,1,6,36.04928117,342.3716547
25,2015,June,1,6,94.09513945,342.3716547
25,2015,July,2,6,176.1779529,342.3716547
25,2015,August,2,6,176.1779529,342.3716547
26,2015,March,2,5,40.3558893,184.095108
26,2015,March,2,5,40.3558893,184.095108
26,2015,April,2,5,63.08624205,184.095108
26,2015,April,2,5,63.08624205,184.095108
26,2015,June,1,5,80.65297667,184.095108
27,2015,April,2,3,72.09856234,179.6358646
27,2015,April,2,3,72.09856234,179.6358646
27,2015,June,1,3,107.5373022,179.6358646
28,2015,May,2,7,103.2600951,570.307844
28,2015,May,2,7,103.2600951,570.307844
28,2015,June,2,7,70.50737987,570.307844
28,2015,July,3,7,396.5403691,570.307844
28,2015,July,3,7,396.5403691,570.307844
28,2015,August,3,7,396.5403691,570.307844
29,2015,April,3,10,72.09856234,612.7690768
29,2015,May,3,10,72.09856234,612.7690768
29,2015,May,1,10,80.65297667,612.7690768
29,2015,June,4,10,157.4387436,612.7690768
29,2015,June,4,10,157.4387436,612.7690768
29,2015,June,4,10,157.4387436,612.7690768
29,2015,June,4,10,157.4387436,612.7690768
29,2015,July,2,10,302.5787942,612.7690768
29,2015,July,2,10,302.5787942,612.7690768
30,2015,March,3,7,44.66249743,414.8277383
30,2015,March,3,7,44.66249743,414.8277383
30,2015,April,2,7,72.09856234,414.8277383
30,2015,May,2,7,72.09856234,414.8277383
30,2015,May,1,7,67.21081389,414.8277383
30,2015,June,1,7,230.8558646,414.8277383
31,2015,March,3,7,44.66249743,414.8277383
31,2015,March,3,7,44.66249743,414.8277383
31,2015,April,2,7,72.09856234,414.8277383
31,2015,May,2,7,72.09856234,414.8277383
31,2015,May,1,7,67.21081389,414.8277383
31,2015,June,1,7,230.8558646,414.8277383
32,2015,March,3,7,44.66249743,414.8277383
32,2015,March,3,7,44.66249743,414.8277383
32,2015,April,2,7,72.09856234,414.8277383
32,2015,May,2,7,72.09856234,414.8277383
32,2015,May,1,7,67.21081389,414.8277383
32,2015,June,1,7,230.8558646,414.8277383
33,2015,March,2,5,18.02464059,254.7508503
33,2015,May,1,5,53.76865112,254.7508503
33,2015,June,1,5,36.04928117,254.7508503
33,2015,July,1,5,146.9082775,254.7508503
34,2015,March,2,6,18.02464059,272.7754909
34,2015,May,2,6,71.7932917,272.7754909
34,2015,May,2,6,71.7932917,272.7754909
34,2015,June,1,6,36.04928117,272.7754909
34,2015,July,1,6,146.9082775,272.7754909
35,2015,March,2,6,18.02464059,272.7754909
35,2015,May,2,6,71.7932917,272.7754909
35,2015,May,2,6,71.7932917,272.7754909
35,2015,June,1,6,36.04928117,272.7754909
35,2015,July,1,6,146.9082775,272.7754909
36,2015,March,2,6,18.02464059,272.7754909
36,2015,May,2,6,71.7932917,272.7754909
36,2015,May,2,6,71.7932917,272.7754909
36,2015,June,1,6,36.04928117,272.7754909
36,2015,July,1,6,146.9082775,272.7754909
37,2015,April,2,8,3.178239246,182.5706301
37,2015,May,1,8,3.178239246,182.5706301
37,2015,July,3,8,176.2141516,182.5706301
37,2015,August,3,8,176.2141516,182.5706301
38,2015,April,2,8,3.178239246,182.5706301
38,2015,May,1,8,3.178239246,182.5706301
38,2015,July,3,8,176.2141516,182.5706301
38,2015,August,3,8,176.2141516,182.5706301
39,2015,May,2,6,73.64942039,126.5299553
39,2015,June,2,6,73.64942039,126.5299553
39,2015,July,2,6,52.8805349,126.5299553
40,2015,May,1,8,3.178239246,141.4533914
40,2015,June,2,8,3.178239246,141.4533914
40,2015,July,3,8,135.0969129,141.4533914
40,2015,July,3,8,135.0969129,141.4533914
41,2015,May,1,8,3.178239246,120.8947721
41,2015,June,3,8,47.24535166,120.8947721
41,2015,June,3,8,47.24535166,120.8947721
41,2015,July,2,8,70.47118114,120.8947721
42,2015,May,1,8,3.178239246,120.8947721
42,2015,June,3,8,47.24535166,120.8947721
42,2015,June,3,8,47.24535166,120.8947721
42,2015,July,2,8,70.47118114,120.8947721
43,2015,April,2,8,3.178239246,185.5205038
43,2015,May,1,8,3.178239246,185.5205038
43,2015,June,1,8,35.25368993,185.5205038
43,2015,July,3,8,143.9103354,185.5205038
43,2015,July,3,8,143.9103354,185.5205038
44,2015,April,2,8,3.178239246,182.5706301
44,2015,May,1,8,3.178239246,182.5706301
44,2015,July,3,8,176.2141516,182.5706301
44,2015,August,3,8,176.2141516,182.5706301
45,2015,May,2,6,73.64942039,126.5299553
45,2015,June,2,6,73.64942039,126.5299553
45,2015,July,2,6,52.8805349,126.5299553
46,2015,May,2,6,73.64942039,126.5299553
46,2015,June,2,6,73.64942039,126.5299553
46,2015,July,2,6,52.8805349,126.5299553
47,2015,May,2,7,3.178239246,117.7165328
47,2015,July,3,7,114.5382936,117.7165328
47,2015,July,3,7,114.5382936,117.7165328
49,2015,April,1,5,18.02464059,137.1272543
49,2015,May,2,5,22.79199945,137.1272543
49,2015,May,2,5,22.79199945,137.1272543
49,2015,July,1,5,96.31061423,137.1272543
50,2015,April,1,4,18.02464059,137.1272543
50,2015,May,2,4,22.79199945,137.1272543
50,2015,May,2,4,22.79199945,137.1272543
50,2015,July,1,4,96.31061423,137.1272543
51,2015,April,1,5,18.02464059,137.1272543
51,2015,May,2,5,22.79199945,137.1272543
51,2015,May,2,5,22.79199945,137.1272543
51,2015,July,1,5,96.31061423,137.1272543
52,2015,April,1,2,18.02464059,36.04928117
52,2015,May,1,2,18.02464059,36.04928117
53,2015,May,3,5,27.55935832,27.55935832
53,2015,May,3,5,27.55935832,27.55935832
53,2015,May,3,5,27.55935832,27.55935832
54,2015,May,1,1,18.02464059,18.02464059
55,2015,May,3,8,58.04568939,388.79704
55,2015,May,3,8,58.04568939,388.79704
55,2015,May,3,8,58.04568939,388.79704
55,2015,June,4,8,234.4407363,388.79704
55,2015,June,4,8,234.4407363,388.79704
55,2015,June,4,8,234.4407363,388.79704
55,2015,June,4,8,234.4407363,388.79704
55,2015,July,1,8,96.31061423,388.79704
56,2015,May,4,9,74.92759326,405.6789438
56,2015,May,4,9,74.92759326,405.6789438
56,2015,May,4,9,74.92759326,405.6789438
56,2015,May,4,9,74.92759326,405.6789438
56,2015,June,4,9,234.4407363,405.6789438
56,2015,June,4,9,234.4407363,405.6789438
56,2015,June,4,9,234.4407363,405.6789438
56,2015,June,4,9,234.4407363,405.6789438
56,2015,July,1,9,96.31061423,405.6789438
57,2015,May,4,10,92.95223385,520.0141986
57,2015,May,4,10,92.95223385,520.0141986
57,2015,May,4,10,92.95223385,520.0141986
57,2015,May,4,10,92.95223385,520.0141986
57,2015,June,4,10,234.4407363,520.0141986
57,2015,June,4,10,234.4407363,520.0141986
57,2015,June,4,10,234.4407363,520.0141986
57,2015,June,4,10,234.4407363,520.0141986
57,2015,July,2,10,192.6212285,520.0141986
57,2015,July,2,10,192.6212285,520.0141986
58,2015,May,4,9,74.92759326,405.6789438
58,2015,May,4,9,74.92759326,405.6789438
58,2015,May,4,9,74.92759326,405.6789438
58,2015,May,4,9,74.92759326,405.6789438
58,2015,June,4,9,234.4407363,405.6789438
58,2015,June,4,9,234.4407363,405.6789438
58,2015,June,4,9,234.4407363,405.6789438
58,2015,June,4,9,234.4407363,405.6789438
58,2015,July,1,9,96.31061423,405.6789438
59,2015,April,2,5,36.04928117,155.1518949
59,2015,April,2,5,36.04928117,155.1518949
59,2015,May,2,5,22.79199945,155.1518949
59,2015,May,2,5,22.79199945,155.1518949
59,2015,July,1,5,96.31061423,155.1518949
60,2015,June,3,7,147.8408467,241.8024216
60,2015,June,3,7,147.8408467,241.8024216
60,2015,June,3,7,147.8408467,241.8024216
60,2015,July,1,7,93.96157486,241.8024216
61,2015,June,3,7,147.8408467,241.8024216
61,2015,June,3,7,147.8408467,241.8024216
61,2015,June,3,7,147.8408467,241.8024216
61,2015,July,1,7,93.96157486,241.8024216
62,2015,June,3,7,147.8408467,241.8024216
62,2015,June,3,7,147.8408467,241.8024216
62,2015,June,3,7,147.8408467,241.8024216
62,2015,July,1,7,93.96157486,241.8024216
63,2015,June,3,7,147.8408467,241.8024216
63,2015,June,3,7,147.8408467,241.8024216
63,2015,June,3,7,147.8408467,241.8024216
63,2015,July,1,7,93.96157486,241.8024216
64,2015,June,3,6,87.00945517,261.6240067
64,2015,June,3,6,87.00945517,261.6240067
64,2015,July,2,6,174.6145515,261.6240067
64,2015,August,2,6,174.6145515,261.6240067
65,2015,June,2,7,87.00945517,261.6240067
65,2015,June,2,7,87.00945517,261.6240067
65,2015,July,2,7,174.6145515,261.6240067
65,2015,August,2,7,174.6145515,261.6240067
66,2015,June,3,4,87.00945517,87.00945517
66,2015,June,3,4,87.00945517,87.00945517
67,2015,June,2,7,87.00945517,261.6240067
67,2015,June,2,7,87.00945517,261.6240067
67,2015,July,2,7,174.6145515,261.6240067
67,2015,August,2,7,174.6145515,261.6240067
68,2015,June,2,3,87.00945517,87.00945517
68,2015,June,2,3,87.00945517,87.00945517
69,2015,June,4,6,147.8408467,241.8024216
69,2015,June,4,6,147.8408467,241.8024216
69,2015,June,4,6,147.8408467,241.8024216
69,2015,July,1,6,93.96157486,241.8024216
70,2015,June,4,5,147.8408467,147.8408467
70,2015,June,4,5,147.8408467,147.8408467
70,2015,June,4,5,147.8408467,147.8408467
71,2015,May,2,8,69.65984735,119.1967926
71,2015,May,2,8,69.65984735,119.1967926
71,2015,June,1,8,49.53694522,119.1967926
72,2015,May,2,5,69.65984735,213.1583674
72,2015,May,2,5,69.65984735,213.1583674
72,2015,June,1,5,49.53694522,213.1583674
72,2015,July,1,5,93.96157486,213.1583674
73,2015,May,2,5,69.65984735,213.1583674
73,2015,May,2,5,69.65984735,213.1583674
73,2015,June,1,5,49.53694522,213.1583674
73,2015,July,1,5,93.96157486,213.1583674
74,2015,May,2,5,69.65984735,119.1967926
74,2015,May,2,5,69.65984735,119.1967926
74,2015,June,1,5,49.53694522,119.1967926
75,2015,March,4,9,72.09856234,339.9061906
75,2015,April,4,9,72.09856234,339.9061906
75,2015,May,2,9,69.65984735,339.9061906
75,2015,May,2,9,69.65984735,339.9061906
75,2015,June,1,9,49.53694522,339.9061906
75,2015,July,2,9,148.6108357,339.9061906
75,2015,July,2,9,148.6108357,339.9061906
76,2015,May,1,7,53.76865112,262.6953127
76,2015,June,2,7,65.42814145,262.6953127
76,2015,June,2,7,65.42814145,262.6953127
76,2015,July,2,7,143.4985201,262.6953127
76,2015,July,2,7,143.4985201,262.6953127
77,2015,May,2,6,69.65984735,213.1583674
77,2015,May,2,6,69.65984735,213.1583674
77,2015,June,2,6,49.53694522,213.1583674
77,2015,July,1,6,93.96157486,213.1583674
78,2015,May,2,9,69.65984735,312.2322579
78,2015,May,2,9,69.65984735,312.2322579
78,2015,June,2,9,49.53694522,312.2322579
78,2015,July,2,9,193.0354653,312.2322579
78,2015,July,2,9,193.0354653,312.2322579
79,2015,May,1,7,15.89119623,253.3512912
79,2015,June,2,7,49.53694522,253.3512912
79,2015,July,2,7,187.9231497,253.3512912
79,2015,July,2,7,187.9231497,253.3512912
80,2015,March,1,10,36.04928117,339.9061906
80,2015,March,4,10,36.04928117,339.9061906
80,2015,May,2,10,69.65984735,339.9061906
80,2015,May,2,10,69.65984735,339.9061906
80,2015,June,1,10,49.53694522,339.9061906
80,2015,July,2,10,148.6108357,339.9061906
80,2015,July,2,10,148.6108357,339.9061906
81,2015,March,1,11,36.04928117,303.8569094
81,2015,May,2,11,69.65984735,303.8569094
81,2015,May,2,11,69.65984735,303.8569094
81,2015,June,1,11,49.53694522,303.8569094
81,2015,July,2,11,148.6108357,303.8569094
81,2015,July,2,11,148.6108357,303.8569094
82,2015,May,2,7,69.65984735,312.2322579
82,2015,May,2,7,69.65984735,312.2322579
82,2015,June,2,7,49.53694522,312.2322579
82,2015,July,2,7,193.0354653,312.2322579
82,2015,July,2,7,193.0354653,312.2322579
83,2015,May,2,9,69.65984735,267.8076282
83,2015,May,2,9,69.65984735,267.8076282
83,2015,June,1,9,49.53694522,267.8076282
83,2015,July,2,9,148.6108357,267.8076282
83,2015,July,2,9,148.6108357,267.8076282
84,2015,May,1,7,15.89119623,214.0389771
84,2015,June,1,7,49.53694522,214.0389771
84,2015,July,2,7,148.6108357,214.0389771
84,2015,July,2,7,148.6108357,214.0389771
85,2015,May,1,7,53.76865112,262.6953127
85,2015,June,2,7,65.42814145,262.6953127
85,2015,June,2,7,65.42814145,262.6953127
85,2015,July,2,7,143.4985201,262.6953127
85,2015,July,2,7,143.4985201,262.6953127
86,2015,May,2,5,69.65984735,262.6953127
86,2015,May,2,5,69.65984735,262.6953127
86,2015,June,1,5,49.53694522,262.6953127
86,2015,July,2,5,143.4985201,262.6953127
86,2015,July,2,5,143.4985201,262.6953127
87,2015,May,1,6,53.76865112,246.8041164
87,2015,June,1,6,49.53694522,246.8041164
87,2015,July,2,6,143.4985201,246.8041164
87,2015,July,2,6,143.4985201,246.8041164
88,2015,May,2,6,69.65984735,119.1967926
88,2015,May,2,6,69.65984735,119.1967926
88,2015,June,2,6,49.53694522,119.1967926
89,2015,March,1,7,36.04928117,204.783019
89,2015,May,2,7,69.65984735,204.783019
89,2015,May,2,7,69.65984735,204.783019
89,2015,June,1,7,49.53694522,204.783019
89,2015,July,1,7,49.53694522,204.783019
90,2015,May,2,6,69.65984735,168.7337378
90,2015,May,2,6,69.65984735,168.7337378
90,2015,June,1,6,49.53694522,168.7337378
90,2015,July,1,6,49.53694522,168.7337378
91,2015,May,2,4,69.65984735,119.1967926
91,2015,May,2,4,69.65984735,119.1967926
91,2015,July,1,4,49.53694522,119.1967926
92,2015,June,2,6,65.42814145,208.9266615
92,2015,June,2,6,65.42814145,208.9266615
92,2015,July,2,6,143.4985201,208.9266615
92,2015,July,2,6,143.4985201,208.9266615
93,2015,May,3,8,69.65984735,213.1583674
93,2015,May,3,8,69.65984735,213.1583674
93,2015,June,1,8,49.53694522,213.1583674
93,2015,July,1,8,93.96157486,213.1583674
94,2015,May,2,10,230.9658007,468.4258956
94,2015,May,2,10,230.9658007,468.4258956
94,2015,June,1,10,49.53694522,468.4258956
94,2015,July,2,10,187.9231497,468.4258956
94,2015,July,2,10,187.9231497,468.4258956
95,2015,March,2,5,72.09856234,235.7199845
95,2015,March,2,5,72.09856234,235.7199845
95,2015,May,2,5,69.65984735,235.7199845
95,2015,May,2,5,69.65984735,235.7199845
95,2015,July,1,5,93.96157486,235.7199845
96,2015,March,2,4,72.09856234,141.7584097
96,2015,March,2,4,72.09856234,141.7584097
96,2015,May,2,4,69.65984735,141.7584097
96,2015,May,2,4,69.65984735,141.7584097
97,2015,March,2,5,72.09856234,235.7199845
97,2015,March,2,5,72.09856234,235.7199845
97,2015,May,2,5,69.65984735,235.7199845
97,2015,May,2,5,69.65984735,235.7199845
97,2015,July,1,5,93.96157486,235.7199845
98,2015,May,1,6,53.76865112,213.1583674
98,2015,June,1,6,15.89119623,213.1583674
98,2015,July,2,6,143.4985201,213.1583674
98,2015,July,2,6,143.4985201,213.1583674
99,2015,March,1,8,36.04928117,235.7199845
99,2015,March,4,8,36.04928117,235.7199845
99,2015,May,2,8,69.65984735,235.7199845
99,2015,May,2,8,69.65984735,235.7199845
99,2015,July,1,8,93.96157486,235.7199845
100,2015,June,3,7,17.22643253,260.4453242
100,2015,July,2,7,243.2188917,260.4453242
100,2015,August,2,7,243.2188917,260.4453242
101,2015,May,2,10,12.71295698,378.0927651
101,2015,May,2,10,12.71295698,378.0927651
101,2015,June,3,10,17.22643253,378.0927651
101,2015,July,3,10,348.1533756,378.0927651
101,2015,August,3,10,348.1533756,378.0927651
102,2015,July,1,1,96.31061423,96.31061423
103,2015,July,1,1,96.31061423,96.31061423
104,2015,April,3,9,6.356478492,273.1582812
104,2015,May,3,9,23.58291102,273.1582812
104,2015,June,3,9,23.58291102,273.1582812
104,2015,July,2,9,243.2188917,273.1582812
104,2015,August,2,9,243.2188917,273.1582812
105,2015,June,3,7,17.22643253,449.3273953
105,2015,July,2,7,432.1009627,449.3273953
105,2015,August,2,7,432.1009627,449.3273953
106,2015,July,1,1,96.31061423,96.31061423
107,2015,July,2,3,96.31061423,96.31061423
108,2015,June,3,7,17.22643253,260.4453242
108,2015,July,2,7,243.2188917,260.4453242
108,2015,August,2,7,243.2188917,260.4453242
109,2015,July,1,1,96.31061423,96.31061423
110,2015,April,1,12,36.04928117,648.257629
110,2015,May,3,12,42.40575966,648.257629
110,2015,May,3,12,42.40575966,648.257629
110,2015,June,4,12,374.8323204,648.257629
110,2015,June,4,12,374.8323204,648.257629
110,2015,June,4,12,374.8323204,648.257629
110,2015,June,4,12,374.8323204,648.257629
110,2015,July,2,12,194.9702678,648.257629
110,2015,August,2,12,194.9702678,648.257629
111,2015,May,3,14,36.04928117,347.8656788
111,2015,May,3,14,42.40575966,347.8656788
111,2015,May,3,14,42.40575966,347.8656788
111,2015,June,3,14,74.44037015,347.8656788
111,2015,June,3,14,74.44037015,347.8656788
111,2015,July,3,14,194.9702678,347.8656788
111,2015,August,3,14,194.9702678,347.8656788
112,2015,May,3,14,36.04928117,347.8656788
112,2015,May,3,14,42.40575966,347.8656788
112,2015,May,3,14,42.40575966,347.8656788
112,2015,June,3,14,74.44037015,347.8656788
112,2015,June,3,14,74.44037015,347.8656788
112,2015,July,3,14,194.9702678,347.8656788
112,2015,August,3,14,194.9702678,347.8656788
113,2015,May,2,13,42.40575966,311.8163976
113,2015,May,2,13,42.40575966,311.8163976
113,2015,June,4,13,20.67171903,311.8163976
113,2015,June,3,13,248.7389189,311.8163976
113,2015,July,3,13,248.7389189,311.8163976
113,2015,August,3,13,248.7389189,311.8163976
114,2015,May,2,12,42.40575966,311.8163976
114,2015,May,2,12,42.40575966,311.8163976
114,2015,June,2,12,20.67171903,311.8163976
114,2015,June,4,12,248.7389189,311.8163976
114,2015,July,4,12,248.7389189,311.8163976
114,2015,August,4,12,248.7389189,311.8163976
115,2015,April,1,13,36.04928117,430.4232549
115,2015,May,4,13,83.60532576,430.4232549
115,2015,May,4,13,83.60532576,430.4232549
115,2015,May,4,13,83.60532576,430.4232549
115,2015,June,2,13,62.02972901,430.4232549
115,2015,June,4,13,248.7389189,430.4232549
115,2015,July,4,13,248.7389189,430.4232549
115,2015,August,4,13,248.7389189,430.4232549
116,2015,April,1,14,36.04928117,811.4980783
116,2015,May,5,14,212.2216043,811.4980783
116,2015,May,5,14,212.2216043,811.4980783
116,2015,May,5,14,212.2216043,811.4980783
116,2015,May,5,14,212.2216043,811.4980783
116,2015,June,3,14,314.488274,811.4980783
116,2015,June,3,14,314.488274,811.4980783
116,2015,July,3,14,248.7389189,811.4980783
116,2015,July,3,14,248.7389189,811.4980783
116,2015,August,3,14,248.7389189,811.4980783
117,2015,May,3,16,36.04928117,766.2910731
117,2015,May,4,16,191.5498852,766.2910731
117,2015,May,4,16,191.5498852,766.2910731
117,2015,May,4,16,191.5498852,766.2910731
117,2015,June,3,16,314.488274,766.2910731
117,2015,June,3,16,314.488274,766.2910731
117,2015,July,4,16,224.2036328,766.2910731
117,2015,July,4,16,224.2036328,766.2910731
117,2015,August,4,16,224.2036328,766.2910731
118,2015,May,2,13,42.40575966,311.8163976
118,2015,May,2,13,42.40575966,311.8163976
118,2015,June,3,13,20.67171903,311.8163976
118,2015,June,4,13,248.7389189,311.8163976
118,2015,July,4,13,248.7389189,311.8163976
118,2015,August,4,13,248.7389189,311.8163976
119,2015,May,3,17,36.04928117,813.8471177
119,2015,May,5,17,212.2216043,813.8471177
119,2015,May,5,17,212.2216043,813.8471177
119,2015,May,5,17,212.2216043,813.8471177
119,2015,May,5,17,212.2216043,813.8471177
119,2015,June,3,17,314.488274,813.8471177
119,2015,June,3,17,314.488274,813.8471177
119,2015,July,4,17,251.0879583,813.8471177
119,2015,July,4,17,251.0879583,813.8471177
119,2015,August,4,17,251.0879583,813.8471177
120,2015,May,3,9,48.76223815,303.8576356
120,2015,May,3,9,48.76223815,303.8576356
120,2015,May,3,9,48.76223815,303.8576356
120,2015,June,3,9,60.12512961,303.8576356
120,2015,June,3,9,60.12512961,303.8576356
120,2015,July,3,9,194.9702678,303.8576356
120,2015,August,3,9,194.9702678,303.8576356
121,2015,May,2,6,42.40575966,311.8163976
121,2015,May,2,6,42.40575966,311.8163976
121,2015,June,1,6,20.67171903,311.8163976
121,2015,June,3,6,248.7389189,311.8163976
121,2015,July,3,6,248.7389189,311.8163976
121,2015,August,3,6,248.7389189,311.8163976
122,2015,April,1,14,36.04928117,525.77829
122,2015,May,4,14,48.76223815,525.77829
122,2015,May,4,14,48.76223815,525.77829
122,2015,May,4,14,48.76223815,525.77829
122,2015,June,3,14,192.2278517,525.77829
122,2015,June,3,14,192.2278517,525.77829
122,2015,June,3,14,192.2278517,525.77829
122,2015,June,4,14,248.7389189,525.77829
122,2015,July,4,14,248.7389189,525.77829
122,2015,August,4,14,248.7389189,525.77829
1,2016,July,2,6,107.5373022,309.0361793
1,2016,July,2,6,201.4988771,309.0361793
1,2016,August,2,6,201.4988771,309.0361793
2,2016,July,2,6,107.5373022,309.0361793
2,2016,July,2,6,201.4988771,309.0361793
2,2016,August,2,6,201.4988771,309.0361793
3,2016,July,2,6,107.5373022,309.0361793
3,2016,July,2,6,201.4988771,309.0361793
3,2016,August,2,6,201.4988771,309.0361793
4,2016,July,2,6,107.5373022,309.0361793
4,2016,July,2,6,201.4988771,309.0361793
4,2016,August,2,6,201.4988771,309.0361793
5,2016,July,2,6,107.5373022,309.0361793
5,2016,July,2,6,201.4988771,309.0361793
5,2016,August,2,6,201.4988771,309.0361793
6,2016,July,2,6,107.5373022,309.0361793
6,2016,July,2,6,201.4988771,309.0361793
6,2016,August,2,6,201.4988771,309.0361793
7,2016,July,2,6,107.5373022,309.0361793
7,2016,July,2,6,201.4988771,309.0361793
7,2016,August,2,6,201.4988771,309.0361793
8,2016,July,2,6,107.5373022,309.0361793
8,2016,July,2,6,201.4988771,309.0361793
8,2016,August,2,6,201.4988771,309.0361793
9,2016,July,2,6,107.5373022,309.0361793
9,2016,July,2,6,201.4988771,309.0361793
9,2016,August,2,6,201.4988771,309.0361793
10,2016,July,2,6,107.5373022,309.0361793
10,2016,July,2,6,201.4988771,309.0361793
10,2016,August,2,6,201.4988771,309.0361793
11,2016,July,2,6,107.5373022,309.0361793
11,2016,July,2,6,201.4988771,309.0361793
11,2016,August,2,6,201.4988771,309.0361793
12,2016,July,2,6,107.5373022,309.0361793
12,2016,July,2,6,201.4988771,309.0361793
12,2016,August,2,6,201.4988771,309.0361793
13,2016,July,2,6,107.5373022,309.0361793
13,2016,July,2,6,201.4988771,309.0361793
13,2016,August,2,6,201.4988771,309.0361793
14,2016,July,2,6,107.5373022,309.0361793
14,2016,July,2,6,201.4988771,309.0361793
14,2016,August,2,6,201.4988771,309.0361793
15,2016,July,2,6,107.5373022,309.0361793
15,2016,July,2,6,201.4988771,309.0361793
15,2016,August,2,6,201.4988771,309.0361793
16,2016,July,2,6,107.5373022,309.0361793
16,2016,July,2,6,201.4988771,309.0361793
16,2016,August,2,6,201.4988771,309.0361793
17,2016,July,2,6,107.5373022,309.0361793
17,2016,July,2,6,201.4988771,309.0361793
17,2016,August,2,6,201.4988771,309.0361793
18,2016,July,2,6,107.5373022,309.0361793
18,2016,July,2,6,201.4988771,309.0361793
18,2016,August,2,6,201.4988771,309.0361793
19,2016,July,2,6,107.5373022,309.0361793
19,2016,July,2,6,201.4988771,309.0361793
19,2016,August,2,6,201.4988771,309.0361793
20,2016,April,2,6,72.09856234,337.6080661
20,2016,April,2,6,72.09856234,337.6080661
20,2016,May,2,6,86.84894697,337.6080661
20,2016,May,2,6,86.84894697,337.6080661
20,2016,June,1,6,94.09513945,337.6080661
20,2016,July,1,6,84.56541737,337.6080661
21,2016,April,3,9,139.3093762,589.4206539
21,2016,April,3,9,139.3093762,589.4206539
21,2016,April,3,9,139.3093762,589.4206539
21,2016,May,3,9,121.6725979,589.4206539
21,2016,May,3,9,121.6725979,589.4206539
21,2016,June,3,9,121.6725979,589.4206539
21,2016,June,1,9,143.9938406,589.4206539
21,2016,July,2,9,184.4448391,589.4206539
21,2016,July,2,9,184.4448391,589.4206539
22,2016,April,1,6,36.04928117,314.7590362
22,2016,May,2,6,36.04928117,314.7590362
22,2016,June,2,6,143.5865834,314.7590362
22,2016,July,2,6,143.5865834,314.7590362
22,2016,July,1,6,99.07389045,314.7590362
23,2016,April,2,6,72.09856234,303.8193706
23,2016,May,2,6,72.09856234,303.8193706
23,2016,June,1,6,36.04928117,303.8193706
23,2016,July,2,6,195.6715271,303.8193706
23,2016,August,2,6,195.6715271,303.8193706
24,2016,April,2,6,72.09856234,303.8193706
24,2016,May,2,6,72.09856234,303.8193706
24,2016,June,1,6,36.04928117,303.8193706
24,2016,July,2,6,195.6715271,303.8193706
24,2016,August,2,6,195.6715271,303.8193706
25,2016,April,1,2,36.04928117,72.09856234
25,2016,May,1,2,36.04928117,72.09856234
26,2016,April,1,6,36.04928117,424.3362938
26,2016,May,2,6,103.2600951,424.3362938
26,2016,May,2,6,103.2600951,424.3362938
26,2016,June,1,6,99.07389045,424.3362938
26,2016,July,2,6,185.9530271,424.3362938
26,2016,July,2,6,185.9530271,424.3362938
27,2016,April,1,12,36.04928117,1173.127141
27,2016,May,2,12,103.2600951,1173.127141
27,2016,May,2,12,103.2600951,1173.127141
27,2016,June,3,12,329.2025028,1173.127141
27,2016,July,3,12,329.2025028,1173.127141
27,2016,July,3,12,329.2025028,1173.127141
27,2016,July,6,12,704.6152617,1173.127141
27,2016,July,6,12,704.6152617,1173.127141
27,2016,July,6,12,704.6152617,1173.127141
27,2016,July,6,12,704.6152617,1173.127141
27,2016,August,6,12,704.6152617,1173.127141
27,2016,August,6,12,704.6152617,1173.127141
28,2016,April,2,8,36.04928117,690.1811362
28,2016,June,1,8,36.04928117,690.1811362
28,2016,July,5,8,618.0825739,690.1811362
28,2016,July,5,8,618.0825739,690.1811362
28,2016,July,5,8,618.0825739,690.1811362
28,2016,July,5,8,618.0825739,690.1811362
28,2016,August,5,8,618.0825739,690.1811362
29,2016,April,1,8,36.04928117,538.6891028
29,2016,May,3,8,143.7392187,538.6891028
29,2016,May,3,8,143.7392187,538.6891028
29,2016,May,3,8,143.7392187,538.6891028
29,2016,June,2,8,201.4988771,538.6891028
29,2016,July,2,8,201.4988771,538.6891028
29,2016,July,1,8,157.4017259,538.6891028
30,2016,April,1,6,36.04928117,335.7798038
30,2016,May,3,6,143.7392187,335.7798038
30,2016,May,3,6,143.7392187,335.7798038
30,2016,May,3,6,143.7392187,335.7798038
30,2016,July,2,6,155.9913039,335.7798038
30,2016,July,2,6,155.9913039,335.7798038
31,2016,April,1,8,36.04928117,481.1215503
31,2016,May,3,8,143.7392187,481.1215503
31,2016,May,3,8,143.7392187,481.1215503
31,2016,May,3,8,143.7392187,481.1215503
31,2016,June,2,8,207.3714755,481.1215503
31,2016,July,2,8,207.3714755,481.1215503
31,2016,July,1,8,93.96157486,481.1215503
32,2016,April,3,12,10.94887565,395.2531122
32,2016,May,6,12,161.7545765,395.2531122
32,2016,May,6,12,161.7545765,395.2531122
32,2016,June,6,12,161.7545765,395.2531122
32,2016,June,6,12,161.7545765,395.2531122
32,2016,June,6,12,161.7545765,395.2531122
32,2016,July,2,12,222.5496601,395.2531122
32,2016,August,2,12,222.5496601,395.2531122
33,2016,May,6,9,150.8846225,368.2640811
33,2016,May,6,9,150.8846225,368.2640811
33,2016,June,6,9,150.8846225,368.2640811
33,2016,June,6,9,150.8846225,368.2640811
33,2016,June,6,9,150.8846225,368.2640811
33,2016,July,2,9,217.3794586,368.2640811
33,2016,August,2,9,217.3794586,368.2640811
34,2016,April,3,12,10.94887565,395.2531122
34,2016,May,6,12,161.7545765,395.2531122
34,2016,May,6,12,161.7545765,395.2531122
34,2016,June,6,12,161.7545765,395.2531122
34,2016,June,6,12,161.7545765,395.2531122
34,2016,June,6,12,161.7545765,395.2531122
34,2016,July,2,12,222.5496601,395.2531122
34,2016,August,2,12,222.5496601,395.2531122
35,2016,May,6,9,150.8846225,368.2640811
35,2016,May,6,9,150.8846225,368.2640811
35,2016,June,6,9,150.8846225,368.2640811
35,2016,June,6,9,150.8846225,368.2640811
35,2016,June,6,9,150.8846225,368.2640811
35,2016,July,2,9,217.3794586,368.2640811
35,2016,August,2,9,217.3794586,368.2640811
36,2016,March,1,9,29.72216713,251.0779708
36,2016,May,6,9,150.8846225,251.0779708
36,2016,May,6,9,150.8846225,251.0779708
36,2016,June,6,9,150.8846225,251.0779708
36,2016,June,6,9,150.8846225,251.0779708
36,2016,June,6,9,150.8846225,251.0779708
36,2016,July,1,9,70.47118114,251.0779708
37,2016,March,1,9,29.72216713,251.0779708
37,2016,May,6,9,150.8846225,251.0779708
37,2016,May,6,9,150.8846225,251.0779708
37,2016,June,6,9,150.8846225,251.0779708
37,2016,June,6,9,150.8846225,251.0779708
37,2016,June,6,9,150.8846225,251.0779708
37,2016,July,1,9,70.47118114,251.0779708
38,2016,April,6,21,21.89775131,883.92743
38,2016,April,6,21,21.89775131,883.92743
38,2016,May,7,21,168.9092631,883.92743
38,2016,May,7,21,168.9092631,883.92743
38,2016,May,7,21,168.9092631,883.92743
38,2016,June,7,21,168.9092631,883.92743
38,2016,June,7,21,168.9092631,883.92743
38,2016,June,7,21,168.9092631,883.92743
38,2016,June,2,21,78.87295561,883.92743
38,2016,June,2,21,78.87295561,883.92743
38,2016,July,5,21,614.24746,883.92743
38,2016,August,5,21,614.24746,883.92743
38,2016,August,5,21,614.24746,883.92743
38,2016,August,5,21,614.24746,883.92743
38,2016,August,5,21,614.24746,883.92743
39,2016,May,4,7,139.9357468,357.3152055
39,2016,May,4,7,139.9357468,357.3152055
39,2016,June,4,7,139.9357468,357.3152055
39,2016,June,4,7,139.9357468,357.3152055
39,2016,July,2,7,217.3794586,357.3152055
39,2016,August,2,7,217.3794586,357.3152055
40,2016,April,1,6,1.589119623,119.3056524
40,2016,May,2,6,47.24535166,119.3056524
40,2016,May,2,6,47.24535166,119.3056524
40,2016,July,1,6,70.47118114,119.3056524
41,2016,May,1,5,3.178239246,179.3923908
41,2016,July,2,5,176.2141516,179.3923908
41,2016,July,2,5,176.2141516,179.3923908
42,2016,May,1,5,3.178239246,179.3923908
42,2016,July,2,5,176.2141516,179.3923908
42,2016,July,2,5,176.2141516,179.3923908
43,2016,April,2,5,3.178239246,59.23701339
43,2016,May,2,5,56.05877415,59.23701339
43,2016,May,2,5,56.05877415,59.23701339
44,2016,April,1,5,3.178239246,59.23701339
44,2016,May,2,5,56.05877415,59.23701339
44,2016,May,2,5,56.05877415,59.23701339
45,2016,April,1,5,3.178239246,59.23701339
45,2016,May,2,5,56.05877415,59.23701339
45,2016,May,2,5,56.05877415,59.23701339
46,2016,April,1,5,3.178239246,59.23701339
46,2016,May,2,5,56.05877415,59.23701339
46,2016,May,2,5,56.05877415,59.23701339
47,2016,April,2,8,3.178239246,284.0961825
47,2016,May,2,8,64.87219663,284.0961825
47,2016,June,2,8,64.87219663,284.0961825
47,2016,June,1,8,82.216378,284.0961825
47,2016,July,2,8,133.8293686,284.0961825
47,2016,August,2,8,133.8293686,284.0961825
48,2016,May,1,5,3.178239246,179.3923908
48,2016,July,2,5,176.2141516,179.3923908
48,2016,July,2,5,176.2141516,179.3923908
49,2016,April,2,5,3.178239246,59.23701339
49,2016,May,2,5,56.05877415,59.23701339
49,2016,May,2,5,56.05877415,59.23701339
50,2016,April,1,6,1.589119623,119.3056524
50,2016,May,2,6,47.24535166,119.3056524
50,2016,May,2,6,47.24535166,119.3056524
50,2016,July,1,6,70.47118114,119.3056524
51,2016,April,2,5,3.178239246,59.23701339
51,2016,May,2,5,56.05877415,59.23701339
51,2016,May,2,5,56.05877415,59.23701339
52,2016,April,2,4,3.178239246,6.356478492
52,2016,May,1,4,3.178239246,6.356478492
53,2016,April,1,3,18.02464059,42.54738635
53,2016,May,2,3,24.52274576,42.54738635
53,2016,May,2,3,24.52274576,42.54738635
54,2016,April,3,10,18.02464059,475.6543747
54,2016,May,2,10,24.52274576,475.6543747
54,2016,May,2,10,24.52274576,475.6543747
54,2016,July,5,10,433.1069884,475.6543747
54,2016,July,5,10,433.1069884,475.6543747
54,2016,July,5,10,433.1069884,475.6543747
54,2016,July,5,10,433.1069884,475.6543747
54,2016,August,5,10,433.1069884,475.6543747
55,2016,April,3,7,18.02464059,235.1686148
55,2016,May,2,7,24.52274576,235.1686148
55,2016,May,2,7,24.52274576,235.1686148
55,2016,July,2,7,192.6212285,235.1686148
55,2016,August,2,7,192.6212285,235.1686148
56,2016,April,3,6,18.02464059,138.8580006
56,2016,May,2,6,24.52274576,138.8580006
56,2016,May,2,6,24.52274576,138.8580006
56,2016,August,1,6,96.31061423,138.8580006
57,2016,April,1,4,18.02464059,138.8580006
57,2016,May,2,4,24.52274576,138.8580006
57,2016,May,2,4,24.52274576,138.8580006
57,2016,August,1,4,96.31061423,138.8580006
58,2016,May,2,2,23.71048262,23.71048262
58,2016,May,2,2,23.71048262,23.71048262
59,2016,May,2,2,24.05389197,24.05389197
59,2016,May,2,2,24.05389197,24.05389197
60,2016,April,3,15,18.02464059,674.999433
60,2016,May,6,15,136.8996042,674.999433
60,2016,May,6,15,136.8996042,674.999433
60,2016,May,6,15,136.8996042,674.999433
60,2016,May,6,15,136.8996042,674.999433
60,2016,June,6,15,136.8996042,674.999433
60,2016,June,6,15,136.8996042,674.999433
60,2016,June,2,15,180.5456823,674.999433
60,2016,June,2,15,180.5456823,674.999433
60,2016,July,3,15,339.5295059,674.999433
60,2016,August,3,15,339.5295059,674.999433
60,2016,August,3,15,339.5295059,674.999433
61,2016,April,3,15,18.02464059,666.0645384
61,2016,May,6,15,127.9647096,666.0645384
61,2016,May,6,15,127.9647096,666.0645384
61,2016,May,6,15,127.9647096,666.0645384
61,2016,May,6,15,127.9647096,666.0645384
61,2016,June,6,15,127.9647096,666.0645384
61,2016,June,6,15,127.9647096,666.0645384
61,2016,June,2,15,180.5456823,666.0645384
61,2016,June,2,15,180.5456823,666.0645384
61,2016,July,3,15,339.5295059,666.0645384
61,2016,July,3,15,339.5295059,666.0645384
61,2016,August,3,15,339.5295059,666.0645384
62,2016,April,3,15,18.02464059,679.8730119
62,2016,May,4,15,81.46080776,679.8730119
62,2016,May,4,15,81.46080776,679.8730119
62,2016,May,4,15,81.46080776,679.8730119
62,2016,May,4,15,81.46080776,679.8730119
62,2016,June,4,15,240.8580576,679.8730119
62,2016,June,4,15,240.8580576,679.8730119
62,2016,June,4,15,240.8580576,679.8730119
62,2016,June,4,15,240.8580576,679.8730119
62,2016,July,3,15,339.5295059,679.8730119
62,2016,August,3,15,339.5295059,679.8730119
62,2016,August,3,15,339.5295059,679.8730119
63,2016,April,3,15,18.02464059,674.999433
63,2016,May,6,15,136.8996042,674.999433
63,2016,May,6,15,136.8996042,674.999433
63,2016,May,6,15,136.8996042,674.999433
63,2016,May,6,15,136.8996042,674.999433
63,2016,June,6,15,136.8996042,674.999433
63,2016,June,6,15,136.8996042,674.999433
63,2016,June,2,15,180.5456823,674.999433
63,2016,June,2,15,180.5456823,674.999433
63,2016,July,3,15,339.5295059,674.999433
63,2016,August,3,15,339.5295059,674.999433
63,2016,August,3,15,339.5295059,674.999433
64,2016,April,3,8,18.02464059,235.1686148
64,2016,May,2,8,24.52274576,235.1686148
64,2016,May,2,8,24.52274576,235.1686148
64,2016,July,2,8,192.6212285,235.1686148
64,2016,August,2,8,192.6212285,235.1686148
65,2016,May,5,11,141.7324192,497.7081132
65,2016,May,5,11,141.7324192,497.7081132
65,2016,June,5,11,141.7324192,497.7081132
65,2016,June,5,11,141.7324192,497.7081132
65,2016,June,2,11,115.1058417,497.7081132
65,2016,June,2,11,115.1058417,497.7081132
65,2016,July,2,11,240.8698523,497.7081132
65,2016,August,2,11,240.8698523,497.7081132
66,2016,May,5,11,141.7324192,497.7081132
66,2016,May,5,11,141.7324192,497.7081132
66,2016,June,5,11,141.7324192,497.7081132
66,2016,June,5,11,141.7324192,497.7081132
66,2016,June,2,11,115.1058417,497.7081132
66,2016,June,2,11,115.1058417,497.7081132
66,2016,July,2,11,240.8698523,497.7081132
66,2016,August,2,11,240.8698523,497.7081132
67,2016,May,5,11,141.7324192,497.7081132
67,2016,May,5,11,141.7324192,497.7081132
67,2016,June,5,11,141.7324192,497.7081132
67,2016,June,5,11,141.7324192,497.7081132
67,2016,June,2,11,115.1058417,497.7081132
67,2016,June,2,11,115.1058417,497.7081132
67,2016,July,2,11,240.8698523,497.7081132
67,2016,August,2,11,240.8698523,497.7081132
68,2016,May,5,11,141.7324192,497.7081132
68,2016,May,5,11,141.7324192,497.7081132
68,2016,June,5,11,141.7324192,497.7081132
68,2016,June,5,11,141.7324192,497.7081132
68,2016,June,2,11,115.1058417,497.7081132
68,2016,June,2,11,115.1058417,497.7081132
68,2016,July,2,11,240.8698523,497.7081132
68,2016,August,2,11,240.8698523,497.7081132
69,2016,May,2,7,36.77217428,392.7478683
69,2016,May,2,7,36.77217428,392.7478683
69,2016,June,2,7,115.1058417,392.7478683
69,2016,June,2,7,115.1058417,392.7478683
69,2016,July,2,7,240.8698523,392.7478683
69,2016,August,2,7,240.8698523,392.7478683
70,2016,May,3,9,36.77217428,392.7478683
70,2016,May,3,9,36.77217428,392.7478683
70,2016,June,2,9,115.1058417,392.7478683
70,2016,June,2,9,115.1058417,392.7478683
70,2016,July,2,9,240.8698523,392.7478683
70,2016,August,2,9,240.8698523,392.7478683
71,2016,June,2,8,115.1058417,479.694752
71,2016,June,2,8,115.1058417,479.694752
71,2016,July,4,8,364.5889103,479.694752
71,2016,July,4,8,364.5889103,479.694752
71,2016,August,4,8,364.5889103,479.694752
71,2016,August,4,8,364.5889103,479.694752
72,2016,May,3,9,36.77217428,392.7478683
72,2016,May,3,9,36.77217428,392.7478683
72,2016,June,2,9,115.1058417,392.7478683
72,2016,June,2,9,115.1058417,392.7478683
72,2016,July,2,9,240.8698523,392.7478683
72,2016,August,2,9,240.8698523,392.7478683
73,2016,May,2,6,36.77217428,452.2565781
73,2016,May,2,6,36.77217428,452.2565781
73,2016,June,1,6,80.65297667,452.2565781
73,2016,July,3,6,334.8314272,452.2565781
73,2016,August,3,6,334.8314272,452.2565781
73,2016,August,3,6,334.8314272,452.2565781
76,2016,April,1,10,49.53694522,481.245349
76,2016,May,2,10,92.33005842,481.245349
76,2016,May,2,10,92.33005842,481.245349
76,2016,July,3,10,339.3783453,481.245349
76,2016,July,3,10,339.3783453,481.245349
76,2016,July,3,10,339.3783453,481.245349
77,2016,April,1,11,49.53694522,564.0141786
77,2016,May,2,11,92.33005842,564.0141786
77,2016,May,2,11,92.33005842,564.0141786
77,2016,June,4,11,218.2992585,564.0141786
77,2016,June,4,11,218.2992585,564.0141786
77,2016,July,2,11,203.8479165,564.0141786
77,2016,July,2,11,203.8479165,564.0141786
78,2016,April,1,10,49.53694522,481.245349
78,2016,May,2,10,92.33005842,481.245349
78,2016,May,2,10,92.33005842,481.245349
78,2016,July,3,10,339.3783453,481.245349
78,2016,July,3,10,339.3783453,481.245349
78,2016,July,3,10,339.3783453,481.245349
79,2016,April,4,10,143.6571412,260.7556722
79,2016,April,4,10,143.6571412,260.7556722
79,2016,May,1,10,18.02464059,260.7556722
79,2016,July,1,10,99.07389045,260.7556722
80,2016,May,2,10,92.33005842,530.7822942
80,2016,May,2,10,92.33005842,530.7822942
80,2016,July,4,10,438.4522358,530.7822942
80,2016,July,4,10,438.4522358,530.7822942
80,2016,July,4,10,438.4522358,530.7822942
80,2016,July,4,10,438.4522358,530.7822942
81,2016,May,2,9,92.33005842,431.7084037
81,2016,May,2,9,92.33005842,431.7084037
81,2016,July,3,9,339.3783453,431.7084037
81,2016,July,3,9,339.3783453,431.7084037
81,2016,July,3,9,339.3783453,431.7084037
82,2016,April,3,10,24.76847261,456.4768763
82,2016,May,2,10,92.33005842,456.4768763
82,2016,May,2,10,92.33005842,456.4768763
82,2016,July,3,10,339.3783453,456.4768763
82,2016,July,3,10,339.3783453,456.4768763
82,2016,July,3,10,339.3783453,456.4768763
83,2016,April,1,12,49.53694522,651.861381
83,2016,May,2,12,92.33005842,651.861381
83,2016,May,2,12,92.33005842,651.861381
83,2016,June,4,12,218.2992585,651.861381
83,2016,June,4,12,218.2992585,651.861381
83,2016,July,3,12,291.6951189,651.861381
83,2016,July,3,12,291.6951189,651.861381
83,2016,July,3,12,291.6951189,651.861381
84,2016,April,1,10,24.76847261,456.4768763
84,2016,May,2,10,92.33005842,456.4768763
84,2016,May,2,10,92.33005842,456.4768763
84,2016,July,3,10,339.3783453,456.4768763
84,2016,July,3,10,339.3783453,456.4768763
84,2016,July,3,10,339.3783453,456.4768763
85,2016,April,1,11,24.76847261,555.5507668
85,2016,May,2,11,92.33005842,555.5507668
85,2016,May,2,11,92.33005842,555.5507668
85,2016,July,4,11,438.4522358,555.5507668
85,2016,July,4,11,438.4522358,555.5507668
85,2016,July,4,11,438.4522358,555.5507668
85,2016,July,4,11,438.4522358,555.5507668
86,2016,April,3,10,24.76847261,456.4768763
86,2016,May,2,10,92.33005842,456.4768763
86,2016,May,2,10,92.33005842,456.4768763
86,2016,July,3,10,339.3783453,456.4768763
86,2016,July,3,10,339.3783453,456.4768763
86,2016,July,3,10,339.3783453,456.4768763
87,2016,May,2,10,92.33005842,431.7084037
87,2016,May,2,10,92.33005842,431.7084037
87,2016,July,3,10,339.3783453,431.7084037
87,2016,July,3,10,339.3783453,431.7084037
87,2016,July,3,10,339.3783453,431.7084037
88,2016,May,2,10,92.33005842,431.7084037
88,2016,May,2,10,92.33005842,431.7084037
88,2016,July,3,10,339.3783453,431.7084037
88,2016,July,3,10,339.3783453,431.7084037
88,2016,July,3,10,339.3783453,431.7084037
89,2016,April,2,11,24.76847261,456.4768763
89,2016,May,2,11,92.33005842,456.4768763
89,2016,May,2,11,92.33005842,456.4768763
89,2016,July,3,11,339.3783453,456.4768763
89,2016,July,3,11,339.3783453,456.4768763
89,2016,July,3,11,339.3783453,456.4768763
90,2016,May,2,9,92.33005842,431.7084037
90,2016,May,2,9,92.33005842,431.7084037
90,2016,July,3,9,339.3783453,431.7084037
90,2016,July,3,9,339.3783453,431.7084037
90,2016,July,3,9,339.3783453,431.7084037
91,2016,April,1,10,24.76847261,456.4768763
91,2016,May,2,10,92.33005842,456.4768763
91,2016,May,2,10,92.33005842,456.4768763
91,2016,July,3,10,339.3783453,456.4768763
91,2016,July,3,10,339.3783453,456.4768763
91,2016,July,3,10,339.3783453,456.4768763
92,2016,May,2,11,92.33005842,431.7084037
92,2016,May,2,11,92.33005842,431.7084037
92,2016,July,3,11,339.3783453,431.7084037
92,2016,July,3,11,339.3783453,431.7084037
92,2016,July,3,11,339.3783453,431.7084037
93,2016,April,2,14,24.76847261,748.1719953
93,2016,May,2,14,92.33005842,748.1719953
93,2016,May,2,14,92.33005842,748.1719953
93,2016,July,6,14,631.0734642,748.1719953
93,2016,July,6,14,631.0734642,748.1719953
93,2016,July,6,14,631.0734642,748.1719953
93,2016,July,6,14,631.0734642,748.1719953
93,2016,July,6,14,631.0734642,748.1719953
93,2016,July,6,14,631.0734642,748.1719953
94,2016,May,2,6,92.33005842,92.33005842
94,2016,May,2,6,92.33005842,92.33005842
95,2016,May,2,11,92.33005842,431.7084037
95,2016,May,2,11,92.33005842,431.7084037
95,2016,July,3,11,339.3783453,431.7084037
95,2016,July,3,11,339.3783453,431.7084037
95,2016,July,3,11,339.3783453,431.7084037
96,2016,April,3,10,24.76847261,456.4768763
96,2016,May,2,10,92.33005842,456.4768763
96,2016,May,2,10,92.33005842,456.4768763
96,2016,July,3,10,339.3783453,456.4768763
96,2016,July,3,10,339.3783453,456.4768763
96,2016,July,3,10,339.3783453,456.4768763
97,2016,April,1,10,24.76847261,456.4768763
97,2016,May,2,10,92.33005842,456.4768763
97,2016,May,2,10,92.33005842,456.4768763
97,2016,July,3,10,339.3783453,456.4768763
97,2016,July,3,10,339.3783453,456.4768763
97,2016,July,3,10,339.3783453,456.4768763
98,2016,May,2,9,92.33005842,191.4039489
98,2016,May,2,9,92.33005842,191.4039489
98,2016,July,1,9,99.07389045,191.4039489
99,2016,April,3,13,24.76847261,539.245706
99,2016,May,2,13,92.33005842,539.245706
99,2016,May,2,13,92.33005842,539.245706
99,2016,June,4,13,218.2992585,539.245706
99,2016,June,4,13,218.2992585,539.245706
99,2016,July,2,13,203.8479165,539.245706
99,2016,July,2,13,203.8479165,539.245706
100,2016,May,2,9,92.33005842,191.4039489
100,2016,May,2,9,92.33005842,191.4039489
100,2016,July,1,9,99.07389045,191.4039489
101,2016,June,2,5,230.8558646,246.5960372
101,2016,August,2,5,15.74017259,246.5960372
102,2016,June,2,5,230.8558646,418.7790143
102,2016,July,2,5,187.9231497,418.7790143
102,2016,August,2,5,187.9231497,418.7790143
103,2016,June,2,3,230.8558646,230.8558646
104,2016,June,2,4,230.8558646,377.7641421
104,2016,August,1,4,146.9082775,377.7641421
105,2016,July,1,3,9.534717738,56.51550517
105,2016,August,1,3,46.98078743,56.51550517
106,2016,June,2,4,230.8558646,377.7641421
106,2016,August,1,4,146.9082775,377.7641421
107,2016,June,3,4,240.3905823,240.3905823
107,2016,July,3,4,240.3905823,240.3905823
108,2016,June,2,4,230.8558646,377.7641421
108,2016,August,1,4,146.9082775,377.7641421
109,2016,June,2,4,230.8558646,230.8558646
110,2016,June,2,4,230.8558646,377.7641421
110,2016,August,1,4,146.9082775,377.7641421
111,2016,May,4,12,110.4896513,483.1540016
111,2016,May,4,12,110.4896513,483.1540016
111,2016,June,4,12,110.4896513,483.1540016
111,2016,June,3,12,180.0431218,483.1540016
111,2016,June,3,12,180.0431218,483.1540016
111,2016,July,2,12,192.6212285,483.1540016
111,2016,August,2,12,192.6212285,483.1540016
112,2016,May,2,6,56.7210002,209.7526146
112,2016,May,2,6,56.7210002,209.7526146
112,2016,June,2,6,56.7210002,209.7526146
112,2016,June,2,6,56.7210002,209.7526146
112,2016,July,1,6,96.31061423,209.7526146
113,2016,May,5,12,115.6575811,641.0552781
113,2016,June,5,12,115.6575811,641.0552781
113,2016,June,5,12,115.6575811,641.0552781
113,2016,June,5,12,332.7764686,641.0552781
113,2016,June,5,12,332.7764686,641.0552781
113,2016,June,5,12,332.7764686,641.0552781
113,2016,June,5,12,332.7764686,641.0552781
113,2016,June,5,12,332.7764686,641.0552781
113,2016,July,2,12,192.6212285,641.0552781
113,2016,August,2,12,192.6212285,641.0552781
114,2016,May,3,13,95.48047338,476.2294619
114,2016,May,3,13,95.48047338,476.2294619
114,2016,June,3,13,95.48047338,476.2294619
114,2016,June,2,13,36.04928117,476.2294619
114,2016,July,3,13,344.6997074,476.2294619
114,2016,August,3,13,344.6997074,476.2294619
114,2016,August,3,13,344.6997074,476.2294619
115,2016,May,4,16,136.3293001,431.6321747
115,2016,May,4,16,136.3293001,431.6321747
115,2016,June,4,16,136.3293001,431.6321747
115,2016,June,4,16,136.3293001,431.6321747
115,2016,June,5,16,198.9922604,431.6321747
115,2016,June,5,16,198.9922604,431.6321747
115,2016,June,5,16,198.9922604,431.6321747
115,2016,July,5,16,198.9922604,431.6321747
115,2016,July,1,16,96.31061423,431.6321747
116,2016,May,4,11,136.3293001,451.4425093
116,2016,May,4,11,136.3293001,451.4425093
116,2016,June,4,11,136.3293001,451.4425093
116,2016,June,4,11,136.3293001,451.4425093
116,2016,June,4,11,218.802595,451.4425093
116,2016,June,4,11,218.802595,451.4425093
116,2016,June,4,11,218.802595,451.4425093
116,2016,July,1,11,96.31061423,451.4425093
117,2016,May,5,14,136.3293001,787.4269496
117,2016,May,5,14,136.3293001,787.4269496
117,2016,June,5,14,136.3293001,787.4269496
117,2016,June,5,14,136.3293001,787.4269496
117,2016,June,5,14,332.7764686,787.4269496
117,2016,June,5,14,332.7764686,787.4269496
117,2016,June,5,14,332.7764686,787.4269496
117,2016,June,5,14,332.7764686,787.4269496
117,2016,June,5,14,332.7764686,787.4269496
117,2016,July,4,14,318.3211809,787.4269496
117,2016,July,4,14,318.3211809,787.4269496
117,2016,July,4,14,318.3211809,787.4269496
117,2016,August,4,14,318.3211809,787.4269496
118,2016,May,1,3,6.356478492,6.356478492
119,2016,May,3,8,115.6575811,514.1615801
119,2016,June,3,8,115.6575811,514.1615801
119,2016,June,3,8,115.6575811,514.1615801
119,2016,June,3,8,205.8827706,514.1615801
119,2016,June,3,8,205.8827706,514.1615801
119,2016,June,3,8,205.8827706,514.1615801
119,2016,July,2,8,192.6212285,514.1615801
119,2016,August,2,8,192.6212285,514.1615801
120,2016,May,3,9,115.6575811,286.7769497
120,2016,June,3,9,115.6575811,286.7769497
120,2016,June,3,9,115.6575811,286.7769497
120,2016,June,2,9,74.80875435,286.7769497
120,2016,June,2,9,74.80875435,286.7769497
120,2016,July,1,9,96.31061423,286.7769497
121,2016,May,4,18,115.6575811,897.3006688
121,2016,June,4,18,115.6575811,897.3006688
121,2016,June,4,18,115.6575811,897.3006688
121,2016,June,7,18,497.7747719,897.3006688
121,2016,June,7,18,497.7747719,897.3006688
121,2016,June,7,18,497.7747719,897.3006688
121,2016,June,7,18,497.7747719,897.3006688
121,2016,June,7,18,497.7747719,897.3006688
121,2016,June,7,18,497.7747719,897.3006688
121,2016,July,3,18,283.8683158,897.3006688
121,2016,July,3,18,283.8683158,897.3006688
121,2016,August,3,18,283.8683158,897.3006688
122,2016,April,1,6,53.76865112,237.6009767
122,2016,May,2,6,12.71295698,237.6009767
122,2016,May,2,6,12.71295698,237.6009767
122,2016,June,2,6,74.80875435,237.6009767
122,2016,July,2,6,74.80875435,237.6009767
122,2016,July,1,6,96.31061423,237.6009767
123,2016,May,5,8,175.0887733,346.2081419
123,2016,May,5,8,175.0887733,346.2081419
123,2016,June,5,8,175.0887733,346.2081419
123,2016,June,5,8,175.0887733,346.2081419
123,2016,June,5,8,175.0887733,346.2081419
123,2016,June,2,8,74.80875435,346.2081419
123,2016,June,2,8,74.80875435,346.2081419
123,2016,July,1,8,96.31061423,346.2081419
124,2016,May,5,16,136.3293001,674.6468216
124,2016,May,5,16,136.3293001,674.6468216
124,2016,June,5,16,136.3293001,674.6468216
124,2016,June,5,16,136.3293001,674.6468216
124,2016,June,5,16,345.696293,674.6468216
124,2016,June,5,16,345.696293,674.6468216
124,2016,June,5,16,345.696293,674.6468216
124,2016,June,5,16,345.696293,674.6468216
124,2016,June,5,16,345.696293,674.6468216
124,2016,July,2,16,192.6212285,674.6468216
124,2016,August,2,16,192.6212285,674.6468216
1,2017,May,4,14,218.2869207,1089.645227
1,2017,May,4,14,218.2869207,1089.645227
1,2017,May,4,14,218.2869207,1089.645227
1,2017,May,5,14,529.7120049,1089.645227
1,2017,May,5,14,529.7120049,1089.645227
1,2017,June,5,14,529.7120049,1089.645227
1,2017,June,5,14,529.7120049,1089.645227
1,2017,June,5,14,529.7120049,1089.645227
1,2017,July,4,14,341.646301,1089.645227
1,2017,July,4,14,341.646301,1089.645227
1,2017,July,4,14,341.646301,1089.645227
1,2017,August,4,14,341.646301,1089.645227
2,2017,May,4,14,218.2869207,1089.645227
2,2017,May,4,14,218.2869207,1089.645227
2,2017,May,4,14,218.2869207,1089.645227
2,2017,May,5,14,529.7120049,1089.645227
2,2017,May,5,14,529.7120049,1089.645227
2,2017,June,5,14,529.7120049,1089.645227
2,2017,June,5,14,529.7120049,1089.645227
2,2017,June,5,14,529.7120049,1089.645227
2,2017,July,4,14,341.646301,1089.645227
2,2017,July,4,14,341.646301,1089.645227
2,2017,July,4,14,341.646301,1089.645227
2,2017,August,4,14,341.646301,1089.645227
3,2017,May,4,14,218.2869207,1089.645227
3,2017,May,4,14,218.2869207,1089.645227
3,2017,May,4,14,218.2869207,1089.645227
3,2017,May,5,14,529.7120049,1089.645227
3,2017,May,5,14,529.7120049,1089.645227
3,2017,June,5,14,529.7120049,1089.645227
3,2017,June,5,14,529.7120049,1089.645227
3,2017,June,5,14,529.7120049,1089.645227
3,2017,July,4,14,341.646301,1089.645227
3,2017,July,4,14,341.646301,1089.645227
3,2017,July,4,14,341.646301,1089.645227
3,2017,August,4,14,341.646301,1089.645227
4,2017,May,4,14,218.2869207,1089.645227
4,2017,May,4,14,218.2869207,1089.645227
4,2017,May,4,14,218.2869207,1089.645227
4,2017,May,5,14,529.7120049,1089.645227
4,2017,May,5,14,529.7120049,1089.645227
4,2017,June,5,14,529.7120049,1089.645227
4,2017,June,5,14,529.7120049,1089.645227
4,2017,June,5,14,529.7120049,1089.645227
4,2017,July,4,14,341.646301,1089.645227
4,2017,July,4,14,341.646301,1089.645227
4,2017,July,4,14,341.646301,1089.645227
4,2017,August,4,14,341.646301,1089.645227
5,2017,May,4,14,218.2869207,1089.645227
5,2017,May,4,14,218.2869207,1089.645227
5,2017,May,4,14,218.2869207,1089.645227
5,2017,May,5,14,529.7120049,1089.645227
5,2017,May,5,14,529.7120049,1089.645227
5,2017,June,5,14,529.7120049,1089.645227
5,2017,June,5,14,529.7120049,1089.645227
5,2017,June,5,14,529.7120049,1089.645227
5,2017,July,4,14,341.646301,1089.645227
5,2017,July,4,14,341.646301,1089.645227
5,2017,July,4,14,341.646301,1089.645227
5,2017,August,4,14,341.646301,1089.645227
6,2017,May,4,14,218.2869207,1089.645227
6,2017,May,4,14,218.2869207,1089.645227
6,2017,May,4,14,218.2869207,1089.645227
6,2017,May,5,14,529.7120049,1089.645227
6,2017,May,5,14,529.7120049,1089.645227
6,2017,June,5,14,529.7120049,1089.645227
6,2017,June,5,14,529.7120049,1089.645227
6,2017,June,5,14,529.7120049,1089.645227
6,2017,July,4,14,341.646301,1089.645227
6,2017,July,4,14,341.646301,1089.645227
6,2017,July,4,14,341.646301,1089.645227
6,2017,August,4,14,341.646301,1089.645227
7,2017,May,4,14,218.2869207,1089.645227
7,2017,May,4,14,218.2869207,1089.645227
7,2017,May,4,14,218.2869207,1089.645227
7,2017,May,5,14,529.7120049,1089.645227
7,2017,May,5,14,529.7120049,1089.645227
7,2017,June,5,14,529.7120049,1089.645227
7,2017,June,5,14,529.7120049,1089.645227
7,2017,June,5,14,529.7120049,1089.645227
7,2017,July,4,14,341.646301,1089.645227
7,2017,July,4,14,341.646301,1089.645227
7,2017,July,4,14,341.646301,1089.645227
7,2017,August,4,14,341.646301,1089.645227
8,2017,May,4,14,218.2869207,1089.645227
8,2017,May,4,14,218.2869207,1089.645227
8,2017,May,4,14,218.2869207,1089.645227
8,2017,May,5,14,529.7120049,1089.645227
8,2017,May,5,14,529.7120049,1089.645227
8,2017,June,5,14,529.7120049,1089.645227
8,2017,June,5,14,529.7120049,1089.645227
8,2017,June,5,14,529.7120049,1089.645227
8,2017,July,4,14,341.646301,1089.645227
8,2017,July,4,14,341.646301,1089.645227
8,2017,July,4,14,341.646301,1089.645227
8,2017,August,4,14,341.646301,1089.645227
9,2017,May,4,14,218.2869207,1089.645227
9,2017,May,4,14,218.2869207,1089.645227
9,2017,May,4,14,218.2869207,1089.645227
9,2017,May,5,14,529.7120049,1089.645227
9,2017,May,5,14,529.7120049,1089.645227
9,2017,June,5,14,529.7120049,1089.645227
9,2017,June,5,14,529.7120049,1089.645227
9,2017,June,5,14,529.7120049,1089.645227
9,2017,July,4,14,341.646301,1089.645227
9,2017,July,4,14,341.646301,1089.645227
9,2017,July,4,14,341.646301,1089.645227
9,2017,August,4,14,341.646301,1089.645227
10,2017,May,4,14,218.2869207,1089.645227
10,2017,May,4,14,218.2869207,1089.645227
10,2017,May,4,14,218.2869207,1089.645227
10,2017,May,5,14,529.7120049,1089.645227
10,2017,May,5,14,529.7120049,1089.645227
10,2017,June,5,14,529.7120049,1089.645227
10,2017,June,5,14,529.7120049,1089.645227
10,2017,June,5,14,529.7120049,1089.645227
10,2017,July,4,14,341.646301,1089.645227
10,2017,July,4,14,341.646301,1089.645227
10,2017,July,4,14,341.646301,1089.645227
10,2017,August,4,14,341.646301,1089.645227
11,2017,May,4,16,218.2869207,1089.645227
11,2017,May,4,16,218.2869207,1089.645227
11,2017,May,4,16,218.2869207,1089.645227
11,2017,May,5,16,529.7120049,1089.645227
11,2017,May,5,16,529.7120049,1089.645227
11,2017,June,5,16,529.7120049,1089.645227
11,2017,June,5,16,529.7120049,1089.645227
11,2017,June,5,16,529.7120049,1089.645227
11,2017,July,4,16,341.646301,1089.645227
11,2017,July,4,16,341.646301,1089.645227
11,2017,July,4,16,341.646301,1089.645227
11,2017,August,4,16,341.646301,1089.645227
12,2017,May,4,16,218.2869207,1089.645227
12,2017,May,4,16,218.2869207,1089.645227
12,2017,May,4,16,218.2869207,1089.645227
12,2017,May,5,16,529.7120049,1089.645227
12,2017,May,5,16,529.7120049,1089.645227
12,2017,June,5,16,529.7120049,1089.645227
12,2017,June,5,16,529.7120049,1089.645227
12,2017,June,5,16,529.7120049,1089.645227
12,2017,July,4,16,341.646301,1089.645227
12,2017,July,4,16,341.646301,1089.645227
12,2017,July,4,16,341.646301,1089.645227
12,2017,August,4,16,341.646301,1089.645227
13,2017,May,4,16,218.2869207,1089.645227
13,2017,May,4,16,218.2869207,1089.645227
13,2017,May,4,16,218.2869207,1089.645227
13,2017,May,5,16,529.7120049,1089.645227
13,2017,May,5,16,529.7120049,1089.645227
13,2017,June,5,16,529.7120049,1089.645227
13,2017,June,5,16,529.7120049,1089.645227
13,2017,June,5,16,529.7120049,1089.645227
13,2017,July,4,16,341.646301,1089.645227
13,2017,July,4,16,341.646301,1089.645227
13,2017,July,4,16,341.646301,1089.645227
13,2017,August,4,16,341.646301,1089.645227
14,2017,May,4,16,218.2869207,1089.645227
14,2017,May,4,16,218.2869207,1089.645227
14,2017,May,4,16,218.2869207,1089.645227
14,2017,May,5,16,529.7120049,1089.645227
14,2017,May,5,16,529.7120049,1089.645227
14,2017,June,5,16,529.7120049,1089.645227
14,2017,June,5,16,529.7120049,1089.645227
14,2017,June,5,16,529.7120049,1089.645227
14,2017,July,4,16,341.646301,1089.645227
14,2017,July,4,16,341.646301,1089.645227
14,2017,July,4,16,341.646301,1089.645227
14,2017,August,4,16,341.646301,1089.645227
15,2017,May,4,16,218.2869207,1089.645227
15,2017,May,4,16,218.2869207,1089.645227
15,2017,May,4,16,218.2869207,1089.645227
15,2017,May,5,16,529.7120049,1089.645227
15,2017,May,5,16,529.7120049,1089.645227
15,2017,June,5,16,529.7120049,1089.645227
15,2017,June,5,16,529.7120049,1089.645227
15,2017,June,5,16,529.7120049,1089.645227
15,2017,July,4,16,341.646301,1089.645227
15,2017,July,4,16,341.646301,1089.645227
15,2017,July,4,16,341.646301,1089.645227
15,2017,August,4,16,341.646301,1089.645227
16,2017,May,4,14,218.2869207,1089.645227
16,2017,May,4,14,218.2869207,1089.645227
16,2017,May,4,14,218.2869207,1089.645227
16,2017,May,5,14,529.7120049,1089.645227
16,2017,May,5,14,529.7120049,1089.645227
16,2017,June,5,14,529.7120049,1089.645227
16,2017,June,5,14,529.7120049,1089.645227
16,2017,June,5,14,529.7120049,1089.645227
16,2017,July,4,14,341.646301,1089.645227
16,2017,July,4,14,341.646301,1089.645227
16,2017,July,4,14,341.646301,1089.645227
16,2017,August,4,14,341.646301,1089.645227
17,2017,May,4,17,218.2869207,1236.553504
17,2017,May,4,17,218.2869207,1236.553504
17,2017,May,4,17,218.2869207,1236.553504
17,2017,May,5,17,529.7120049,1236.553504
17,2017,May,5,17,529.7120049,1236.553504
17,2017,June,5,17,529.7120049,1236.553504
17,2017,June,5,17,529.7120049,1236.553504
17,2017,June,5,17,529.7120049,1236.553504
17,2017,July,5,17,488.5545785,1236.553504
17,2017,July,5,17,488.5545785,1236.553504
17,2017,July,5,17,488.5545785,1236.553504
17,2017,August,5,17,488.5545785,1236.553504
17,2017,August,5,17,488.5545785,1236.553504
18,2017,May,4,17,218.2869207,1236.553504
18,2017,May,4,17,218.2869207,1236.553504
18,2017,May,4,17,218.2869207,1236.553504
18,2017,May,5,17,529.7120049,1236.553504
18,2017,May,5,17,529.7120049,1236.553504
18,2017,June,5,17,529.7120049,1236.553504
18,2017,June,5,17,529.7120049,1236.553504
18,2017,June,5,17,529.7120049,1236.553504
18,2017,July,5,17,488.5545785,1236.553504
18,2017,July,5,17,488.5545785,1236.553504
18,2017,July,5,17,488.5545785,1236.553504
18,2017,August,5,17,488.5545785,1236.553504
18,2017,August,5,17,488.5545785,1236.553504
19,2017,May,4,16,218.2869207,1089.645227
19,2017,May,4,16,218.2869207,1089.645227
19,2017,May,4,16,218.2869207,1089.645227
19,2017,May,5,16,529.7120049,1089.645227
19,2017,May,5,16,529.7120049,1089.645227
19,2017,June,5,16,529.7120049,1089.645227
19,2017,June,5,16,529.7120049,1089.645227
19,2017,June,5,16,529.7120049,1089.645227
19,2017,July,4,16,341.646301,1089.645227
19,2017,July,4,16,341.646301,1089.645227
19,2017,July,4,16,341.646301,1089.645227
19,2017,August,4,16,341.646301,1089.645227
20,2017,May,4,14,218.2869207,1089.645227
20,2017,May,4,14,218.2869207,1089.645227
20,2017,May,4,14,218.2869207,1089.645227
20,2017,May,5,14,529.7120049,1089.645227
20,2017,May,5,14,529.7120049,1089.645227
20,2017,June,5,14,529.7120049,1089.645227
20,2017,June,5,14,529.7120049,1089.645227
20,2017,June,5,14,529.7120049,1089.645227
20,2017,July,4,14,341.646301,1089.645227
20,2017,July,4,14,341.646301,1089.645227
20,2017,July,4,14,341.646301,1089.645227
20,2017,August,4,14,341.646301,1089.645227
21,2017,May,4,14,218.2869207,1089.645227
21,2017,May,4,14,218.2869207,1089.645227
21,2017,May,4,14,218.2869207,1089.645227
21,2017,May,5,14,529.7120049,1089.645227
21,2017,May,5,14,529.7120049,1089.645227
21,2017,June,5,14,529.7120049,1089.645227
21,2017,June,5,14,529.7120049,1089.645227
21,2017,June,5,14,529.7120049,1089.645227
21,2017,July,4,14,341.646301,1089.645227
21,2017,July,4,14,341.646301,1089.645227
21,2017,July,4,14,341.646301,1089.645227
21,2017,August,4,14,341.646301,1089.645227
22,2017,May,1,6,131.9943539,704.4488523
22,2017,June,4,6,478.4929236,704.4488523
22,2017,June,4,6,478.4929236,704.4488523
22,2017,June,4,6,478.4929236,704.4488523
22,2017,July,4,6,478.4929236,704.4488523
22,2017,July,1,6,93.96157486,704.4488523
23,2017,April,1,16,36.04928117,996.244506
23,2017,May,3,16,184.2888961,996.244506
23,2017,May,3,16,184.2888961,996.244506
23,2017,May,3,16,184.2888961,996.244506
23,2017,June,6,16,367.1286675,996.244506
23,2017,June,6,16,367.1286675,996.244506
23,2017,June,6,16,367.1286675,996.244506
23,2017,June,6,16,367.1286675,996.244506
23,2017,June,6,16,367.1286675,996.244506
23,2017,July,4,16,408.7776612,996.244506
23,2017,July,4,16,408.7776612,996.244506
23,2017,July,4,16,408.7776612,996.244506
23,2017,July,4,16,408.7776612,996.244506
24,2017,April,1,15,36.04928117,944.5378232
24,2017,May,3,15,184.2888961,944.5378232
24,2017,May,3,15,184.2888961,944.5378232
24,2017,May,3,15,184.2888961,944.5378232
24,2017,June,6,15,367.1286675,944.5378232
24,2017,June,6,15,367.1286675,944.5378232
24,2017,June,6,15,367.1286675,944.5378232
24,2017,June,6,15,367.1286675,944.5378232
24,2017,June,6,15,367.1286675,944.5378232
24,2017,July,3,15,357.0709784,944.5378232
24,2017,July,3,15,357.0709784,944.5378232
24,2017,July,3,15,357.0709784,944.5378232
25,2017,April,1,10,36.04928117,868.1867502
25,2017,May,4,10,286.3303925,868.1867502
25,2017,May,4,10,286.3303925,868.1867502
25,2017,May,4,10,286.3303925,868.1867502
25,2017,May,4,10,286.3303925,868.1867502
25,2017,June,3,10,318.6083922,868.1867502
25,2017,June,3,10,318.6083922,868.1867502
25,2017,July,3,10,318.6083922,868.1867502
25,2017,July,2,10,227.1986843,868.1867502
25,2017,July,2,10,227.1986843,868.1867502
26,2017,April,2,12,67.5924022,646.2225064
26,2017,April,2,12,67.5924022,646.2225064
26,2017,May,2,12,72.09856234,646.2225064
26,2017,May,2,12,72.09856234,646.2225064
26,2017,June,4,12,318.6083922,646.2225064
26,2017,June,4,12,318.6083922,646.2225064
26,2017,July,4,12,318.6083922,646.2225064
26,2017,July,2,12,187.9231497,646.2225064
26,2017,July,2,12,187.9231497,646.2225064
27,2017,May,2,10,110.354699,777.3702457
27,2017,May,2,10,110.354699,777.3702457
27,2017,June,3,10,332.1841195,777.3702457
27,2017,June,3,10,332.1841195,777.3702457
27,2017,June,3,10,332.1841195,777.3702457
27,2017,July,3,10,334.8314272,777.3702457
27,2017,July,3,10,334.8314272,777.3702457
27,2017,August,3,10,334.8314272,777.3702457
28,2017,May,2,10,110.354699,777.3702457
28,2017,May,2,10,110.354699,777.3702457
28,2017,June,3,10,332.1841195,777.3702457
28,2017,June,3,10,332.1841195,777.3702457
28,2017,June,3,10,332.1841195,777.3702457
28,2017,July,3,10,334.8314272,777.3702457
28,2017,July,3,10,334.8314272,777.3702457
28,2017,August,3,10,334.8314272,777.3702457
29,2017,April,1,11,27.03696088,655.3830762
29,2017,May,3,11,215.7761483,655.3830762
29,2017,May,3,11,215.7761483,655.3830762
29,2017,May,3,11,215.7761483,655.3830762
29,2017,June,3,11,224.6468173,655.3830762
29,2017,June,3,11,224.6468173,655.3830762
29,2017,July,2,11,187.9231497,655.3830762
29,2017,July,2,11,187.9231497,655.3830762
30,2017,April,1,14,36.04928117,827.6559762
30,2017,May,2,14,72.09856234,827.6559762
30,2017,May,2,14,72.09856234,827.6559762
30,2017,June,5,14,363.3179903,827.6559762
30,2017,June,5,14,363.3179903,827.6559762
30,2017,June,5,14,363.3179903,827.6559762
30,2017,June,5,14,363.3179903,827.6559762
30,2017,June,5,14,363.3179903,827.6559762
30,2017,July,4,14,356.1901424,827.6559762
30,2017,July,4,14,356.1901424,827.6559762
30,2017,July,4,14,356.1901424,827.6559762
30,2017,August,4,14,356.1901424,827.6559762
31,2017,April,1,10,36.04928117,566.7662241
31,2017,May,2,10,51.06891201,566.7662241
31,2017,May,2,10,51.06891201,566.7662241
31,2017,June,3,10,297.5522312,566.7662241
31,2017,June,3,10,297.5522312,566.7662241
31,2017,July,3,10,297.5522312,566.7662241
31,2017,July,2,10,182.0957997,566.7662241
31,2017,July,2,10,182.0957997,566.7662241
32,2017,April,1,11,36.04928117,547.8794852
32,2017,May,3,11,119.5053561,547.8794852
32,2017,May,3,11,119.5053561,547.8794852
32,2017,May,3,11,119.5053561,547.8794852
32,2017,June,3,11,204.4016982,547.8794852
32,2017,June,3,11,204.4016982,547.8794852
32,2017,June,3,11,204.4016982,547.8794852
32,2017,July,2,11,187.9231497,547.8794852
32,2017,July,2,11,187.9231497,547.8794852
33,2017,April,1,9,27.03696088,655.6993309
33,2017,May,2,9,72.09856234,655.6993309
33,2017,May,2,9,72.09856234,655.6993309
33,2017,June,3,9,368.6406579,655.6993309
33,2017,June,3,9,368.6406579,655.6993309
33,2017,June,3,9,368.6406579,655.6993309
33,2017,July,2,9,187.9231497,655.6993309
33,2017,July,2,9,187.9231497,655.6993309
34,2017,April,1,12,36.04928117,708.2405099
34,2017,May,3,12,119.5053561,708.2405099
34,2017,May,3,12,119.5053561,708.2405099
34,2017,May,3,12,119.5053561,708.2405099
34,2017,June,3,12,204.4016982,708.2405099
34,2017,June,3,12,204.4016982,708.2405099
34,2017,June,3,12,204.4016982,708.2405099
34,2017,July,3,12,348.2841745,708.2405099
34,2017,July,3,12,348.2841745,708.2405099
34,2017,July,3,12,348.2841745,708.2405099
35,2017,April,3,11,10.94887565,709.5539668
35,2017,May,1,11,18.02464059,709.5539668
35,2017,July,6,11,680.5804505,709.5539668
35,2017,July,6,11,680.5804505,709.5539668
35,2017,July,6,11,680.5804505,709.5539668
35,2017,July,6,11,680.5804505,709.5539668
35,2017,July,6,11,680.5804505,709.5539668
35,2017,August,6,11,680.5804505,709.5539668
36,2017,April,3,11,10.94887565,709.5539668
36,2017,May,1,11,18.02464059,709.5539668
36,2017,July,6,11,680.5804505,709.5539668
36,2017,July,6,11,680.5804505,709.5539668
36,2017,July,6,11,680.5804505,709.5539668
36,2017,July,6,11,680.5804505,709.5539668
36,2017,July,6,11,680.5804505,709.5539668
36,2017,August,6,11,680.5804505,709.5539668
37,2017,April,3,11,10.94887565,709.5539668
37,2017,May,1,11,18.02464059,709.5539668
37,2017,July,6,11,680.5804505,709.5539668
37,2017,July,6,11,680.5804505,709.5539668
37,2017,July,6,11,680.5804505,709.5539668
37,2017,July,6,11,680.5804505,709.5539668
37,2017,July,6,11,680.5804505,709.5539668
37,2017,August,6,11,680.5804505,709.5539668
38,2017,April,3,11,10.94887565,709.5539668
38,2017,May,1,11,18.02464059,709.5539668
38,2017,July,6,11,680.5804505,709.5539668
38,2017,July,6,11,680.5804505,709.5539668
38,2017,July,6,11,680.5804505,709.5539668
38,2017,July,6,11,680.5804505,709.5539668
38,2017,July,6,11,680.5804505,709.5539668
38,2017,August,6,11,680.5804505,709.5539668
39,2017,April,3,17,10.94887565,888.2005377
39,2017,May,1,17,18.02464059,888.2005377
39,2017,June,4,17,167.6976953,888.2005377
39,2017,June,4,17,167.6976953,888.2005377
39,2017,June,4,17,167.6976953,888.2005377
39,2017,June,4,17,167.6976953,888.2005377
39,2017,July,8,17,691.5293262,888.2005377
39,2017,July,8,17,691.5293262,888.2005377
39,2017,July,8,17,691.5293262,888.2005377
39,2017,July,8,17,691.5293262,888.2005377
39,2017,July,8,17,691.5293262,888.2005377
39,2017,July,8,17,691.5293262,888.2005377
39,2017,August,8,17,691.5293262,888.2005377
40,2017,April,3,17,10.94887565,888.2005377
40,2017,May,1,17,18.02464059,888.2005377
40,2017,June,4,17,167.6976953,888.2005377
40,2017,June,4,17,167.6976953,888.2005377
40,2017,June,4,17,167.6976953,888.2005377
40,2017,June,4,17,167.6976953,888.2005377
40,2017,July,8,17,691.5293262,888.2005377
40,2017,July,8,17,691.5293262,888.2005377
40,2017,July,8,17,691.5293262,888.2005377
40,2017,July,8,17,691.5293262,888.2005377
40,2017,July,8,17,691.5293262,888.2005377
40,2017,July,8,17,691.5293262,888.2005377
40,2017,August,8,17,691.5293262,888.2005377
41,2017,April,3,11,10.94887565,709.5539668
41,2017,May,1,11,18.02464059,709.5539668
41,2017,July,6,11,680.5804505,709.5539668
41,2017,July,6,11,680.5804505,709.5539668
41,2017,July,6,11,680.5804505,709.5539668
41,2017,July,6,11,680.5804505,709.5539668
41,2017,July,6,11,680.5804505,709.5539668
41,2017,August,6,11,680.5804505,709.5539668
42,2017,April,3,6,10.94887565,175.8817937
42,2017,May,1,6,18.02464059,175.8817937
42,2017,August,1,6,146.9082775,175.8817937
43,2017,April,3,11,10.94887565,709.5539668
43,2017,May,1,11,18.02464059,709.5539668
43,2017,July,6,11,680.5804505,709.5539668
43,2017,July,6,11,680.5804505,709.5539668
43,2017,July,6,11,680.5804505,709.5539668
43,2017,July,6,11,680.5804505,709.5539668
43,2017,July,6,11,680.5804505,709.5539668
43,2017,August,6,11,680.5804505,709.5539668
44,2017,May,2,11,14.30207661,587.8591467
44,2017,May,2,11,14.30207661,587.8591467
44,2017,June,3,11,23.36005846,587.8591467
44,2017,June,3,11,23.36005846,587.8591467
44,2017,July,4,11,550.1970116,587.8591467
44,2017,July,4,11,550.1970116,587.8591467
44,2017,July,4,11,550.1970116,587.8591467
44,2017,July,4,11,550.1970116,587.8591467
45,2017,May,2,8,14.30207661,131.6237099
45,2017,May,2,8,14.30207661,131.6237099
45,2017,May,3,8,23.36005846,131.6237099
45,2017,June,3,8,23.36005846,131.6237099
45,2017,July,1,8,93.96157486,131.6237099
46,2017,May,2,9,14.30207661,188.0807936
46,2017,May,2,9,14.30207661,188.0807936
46,2017,June,4,9,79.81714213,188.0807936
46,2017,June,4,9,79.81714213,188.0807936
46,2017,June,4,9,79.81714213,188.0807936
46,2017,July,1,9,93.96157486,188.0807936
47,2017,May,2,5,14.30207661,25.74373789
47,2017,May,2,5,14.30207661,25.74373789
47,2017,June,1,5,11.44166129,25.74373789
48,2017,May,2,7,14.30207661,131.6237099
48,2017,May,2,7,14.30207661,131.6237099
48,2017,June,2,7,23.36005846,131.6237099
48,2017,June,2,7,23.36005846,131.6237099
48,2017,July,1,7,93.96157486,131.6237099
49,2017,May,2,8,14.30207661,225.5852848
49,2017,May,2,8,14.30207661,225.5852848
49,2017,May,2,8,23.36005846,225.5852848
49,2017,June,2,8,23.36005846,225.5852848
49,2017,July,2,8,187.9231497,225.5852848
49,2017,July,2,8,187.9231497,225.5852848
50,2017,May,2,6,14.30207661,37.66213506
50,2017,May,2,6,14.30207661,37.66213506
50,2017,June,2,6,23.36005846,37.66213506
50,2017,June,2,6,23.36005846,37.66213506
51,2017,May,2,8,14.30207661,271.7837917
51,2017,May,2,8,14.30207661,271.7837917
51,2017,June,2,8,11.44166129,271.7837917
51,2017,July,2,8,246.0400538,271.7837917
51,2017,July,2,8,246.0400538,271.7837917
52,2017,May,2,9,14.30207661,188.0807936
52,2017,May,2,9,14.30207661,188.0807936
52,2017,June,4,9,79.81714213,188.0807936
52,2017,June,4,9,79.81714213,188.0807936
52,2017,June,4,9,79.81714213,188.0807936
52,2017,July,1,9,93.96157486,188.0807936
53,2017,May,2,6,14.30207661,119.7053128
53,2017,May,2,6,14.30207661,119.7053128
53,2017,June,1,6,11.44166129,119.7053128
53,2017,July,1,6,93.96157486,119.7053128
54,2017,May,2,8,14.30207661,225.5852848
54,2017,May,2,8,14.30207661,225.5852848
54,2017,May,2,8,23.36005846,225.5852848
54,2017,June,2,8,23.36005846,225.5852848
54,2017,July,2,8,187.9231497,225.5852848
54,2017,July,2,8,187.9231497,225.5852848
55,2017,May,2,7,14.30207661,131.6237099
55,2017,May,2,7,14.30207661,131.6237099
55,2017,May,2,7,23.36005846,131.6237099
55,2017,June,2,7,23.36005846,131.6237099
55,2017,July,1,7,93.96157486,131.6237099
56,2017,May,2,6,20.97637902,44.81317337
56,2017,May,2,6,20.97637902,44.81317337
56,2017,June,2,6,23.83679434,44.81317337
56,2017,June,2,6,23.83679434,44.81317337
57,2017,April,1,6,3.178239246,117.1990355
57,2017,May,2,6,21.20287983,117.1990355
57,2017,May,2,6,21.20287983,117.1990355
57,2017,June,3,6,92.81791646,117.1990355
57,2017,June,3,6,92.81791646,117.1990355
57,2017,June,3,6,92.81791646,117.1990355
58,2017,April,1,14,3.178239246,480.9813159
58,2017,May,2,14,21.20287983,480.9813159
58,2017,May,2,14,21.20287983,480.9813159
58,2017,June,5,14,115.7290717,480.9813159
58,2017,June,5,14,115.7290717,480.9813159
58,2017,June,5,14,115.7290717,480.9813159
58,2017,June,5,14,115.7290717,480.9813159
58,2017,July,5,14,340.8711251,480.9813159
58,2017,July,5,14,340.8711251,480.9813159
58,2017,July,5,14,340.8711251,480.9813159
58,2017,July,5,14,340.8711251,480.9813159
58,2017,July,5,14,340.8711251,480.9813159
59,2017,April,1,13,3.178239246,471.9689957
59,2017,May,2,13,21.20287983,471.9689957
59,2017,May,2,13,21.20287983,471.9689957
59,2017,June,4,13,115.7290717,471.9689957
59,2017,June,4,13,115.7290717,471.9689957
59,2017,June,4,13,115.7290717,471.9689957
59,2017,June,4,13,115.7290717,471.9689957
59,2017,July,5,13,331.8588049,471.9689957
59,2017,July,5,13,331.8588049,471.9689957
59,2017,July,5,13,331.8588049,471.9689957
59,2017,July,5,13,331.8588049,471.9689957
59,2017,July,5,13,331.8588049,471.9689957
60,2017,April,2,11,3.178239246,241.7163016
60,2017,May,2,11,21.20287983,241.7163016
60,2017,May,2,11,21.20287983,241.7163016
60,2017,June,4,11,92.81791646,241.7163016
60,2017,June,4,11,92.81791646,241.7163016
60,2017,June,4,11,92.81791646,241.7163016
60,2017,July,3,11,124.517266,241.7163016
60,2017,July,3,11,124.517266,241.7163016
60,2017,July,3,11,124.517266,241.7163016
61,2017,April,2,12,3.178239246,338.0269158
61,2017,May,2,12,21.20287983,338.0269158
61,2017,May,2,12,21.20287983,338.0269158
61,2017,June,4,12,92.81791646,338.0269158
61,2017,June,4,12,92.81791646,338.0269158
61,2017,June,4,12,92.81791646,338.0269158
61,2017,July,4,12,220.8278803,338.0269158
61,2017,July,4,12,220.8278803,338.0269158
61,2017,July,4,12,220.8278803,338.0269158
61,2017,July,4,12,220.8278803,338.0269158
63,2017,April,2,11,36.04928117,461.5763669
63,2017,April,2,11,36.04928117,461.5763669
63,2017,May,3,11,61.34308444,461.5763669
63,2017,May,3,11,61.34308444,461.5763669
63,2017,May,3,11,61.34308444,461.5763669
63,2017,June,4,11,156.8424625,461.5763669
63,2017,June,4,11,156.8424625,461.5763669
63,2017,June,4,11,156.8424625,461.5763669
63,2017,June,4,11,156.8424625,461.5763669
63,2017,July,2,11,207.3415388,461.5763669
63,2017,July,2,11,207.3415388,461.5763669
64,2017,May,1,11,3.178239246,348.7731313
64,2017,May,2,11,21.20287983,348.7731313
64,2017,May,2,11,21.20287983,348.7731313
64,2017,June,4,11,129.4037807,348.7731313
64,2017,June,4,11,129.4037807,348.7731313
64,2017,June,4,11,129.4037807,348.7731313
64,2017,July,3,11,194.9882315,348.7731313
64,2017,July,3,11,194.9882315,348.7731313
64,2017,July,3,11,194.9882315,348.7731313
65,2017,May,3,9,24.38111908,252.4625171
65,2017,May,3,9,24.38111908,252.4625171
65,2017,May,3,9,24.38111908,252.4625171
65,2017,June,3,9,129.4037807,252.4625171
65,2017,June,3,9,129.4037807,252.4625171
65,2017,June,3,9,129.4037807,252.4625171
65,2017,July,2,9,98.67761726,252.4625171
65,2017,July,2,9,98.67761726,252.4625171
66,2017,May,3,13,24.38111908,567.2120322
66,2017,May,3,13,24.38111908,567.2120322
66,2017,May,3,13,24.38111908,567.2120322
66,2017,June,7,13,335.4893744,567.2120322
66,2017,June,7,13,335.4893744,567.2120322
66,2017,June,7,13,335.4893744,567.2120322
66,2017,June,7,13,335.4893744,567.2120322
66,2017,July,7,13,335.4893744,567.2120322
66,2017,July,7,13,335.4893744,567.2120322
66,2017,July,2,13,207.3415388,567.2120322
66,2017,July,2,13,207.3415388,567.2120322
67,2017,May,4,14,27.55935832,570.3902715
67,2017,May,4,14,27.55935832,570.3902715
67,2017,May,4,14,27.55935832,570.3902715
67,2017,June,7,14,335.4893744,570.3902715
67,2017,June,7,14,335.4893744,570.3902715
67,2017,May,4,14,27.55935832,570.3902715
67,2017,June,7,14,335.4893744,570.3902715
67,2017,June,7,14,335.4893744,570.3902715
67,2017,July,7,14,335.4893744,570.3902715
67,2017,July,7,14,335.4893744,570.3902715
67,2017,July,2,14,207.3415388,570.3902715
67,2017,July,2,14,207.3415388,570.3902715
68,2017,May,3,13,24.38111908,567.2120322
68,2017,May,3,13,24.38111908,567.2120322
68,2017,May,3,13,24.38111908,567.2120322
68,2017,June,7,13,335.4893744,567.2120322
68,2017,June,7,13,335.4893744,567.2120322
68,2017,June,7,13,335.4893744,567.2120322
68,2017,June,7,13,335.4893744,567.2120322
68,2017,July,7,13,335.4893744,567.2120322
68,2017,July,7,13,335.4893744,567.2120322
68,2017,July,2,13,207.3415388,567.2120322
68,2017,July,2,13,207.3415388,567.2120322
69,2017,May,4,14,27.55935832,570.3902715
69,2017,May,4,14,27.55935832,570.3902715
69,2017,May,4,14,27.55935832,570.3902715
69,2017,June,5,14,173.4708931,570.3902715
69,2017,June,5,14,173.4708931,570.3902715
69,2017,May,4,14,27.55935832,570.3902715
69,2017,June,5,14,173.4708931,570.3902715
69,2017,June,5,14,173.4708931,570.3902715
69,2017,July,4,14,369.36002,570.3902715
69,2017,July,4,14,369.36002,570.3902715
69,2017,July,4,14,369.36002,570.3902715
69,2017,July,4,14,369.36002,570.3902715
70,2017,April,1,13,3.178239246,445.6125539
70,2017,May,3,13,34.98402585,445.6125539
70,2017,May,3,13,34.98402585,445.6125539
70,2017,May,3,13,34.98402585,445.6125539
70,2017,June,4,13,101.4311327,445.6125539
70,2017,June,4,13,101.4311327,445.6125539
70,2017,June,4,13,101.4311327,445.6125539
70,2017,July,4,13,306.0191561,445.6125539
70,2017,July,4,13,306.0191561,445.6125539
70,2017,July,4,13,306.0191561,445.6125539
70,2017,July,4,13,306.0191561,445.6125539
71,2017,June,3,7,134.5170107,458.0769825
71,2017,July,3,7,134.5170107,458.0769825
71,2017,July,3,7,134.5170107,458.0769825
71,2017,July,3,7,323.5599718,458.0769825
71,2017,July,3,7,323.5599718,458.0769825
71,2017,July,3,7,323.5599718,458.0769825
72,2017,June,3,7,134.5170107,458.0769825
72,2017,July,3,7,134.5170107,458.0769825
72,2017,July,3,7,134.5170107,458.0769825
72,2017,July,3,7,323.5599718,458.0769825
72,2017,July,3,7,323.5599718,458.0769825
72,2017,July,3,7,323.5599718,458.0769825
73,2017,June,3,7,134.5170107,458.0769825
73,2017,July,3,7,134.5170107,458.0769825
73,2017,July,3,7,134.5170107,458.0769825
73,2017,July,3,7,323.5599718,458.0769825
73,2017,July,3,7,323.5599718,458.0769825
73,2017,July,3,7,323.5599718,458.0769825
74,2017,June,3,7,134.5170107,458.0769825
74,2017,July,3,7,134.5170107,458.0769825
74,2017,July,3,7,134.5170107,458.0769825
74,2017,July,3,7,323.5599718,458.0769825
74,2017,July,3,7,323.5599718,458.0769825
74,2017,July,3,7,323.5599718,458.0769825
75,2017,June,4,7,134.5170107,458.0769825
75,2017,July,4,7,134.5170107,458.0769825
75,2017,July,4,7,134.5170107,458.0769825
75,2017,July,3,7,323.5599718,458.0769825
75,2017,July,3,7,323.5599718,458.0769825
75,2017,July,3,7,323.5599718,458.0769825
76,2017,June,2,6,3.178239246,326.738211
76,2017,July,3,6,323.5599718,326.738211
76,2017,July,3,6,323.5599718,326.738211
76,2017,July,3,6,323.5599718,326.738211
77,2017,June,4,8,178.5841231,502.1440949
77,2017,June,4,8,178.5841231,502.1440949
77,2017,July,4,8,178.5841231,502.1440949
77,2017,July,4,8,178.5841231,502.1440949
77,2017,July,3,8,323.5599718,502.1440949
77,2017,July,3,8,323.5599718,502.1440949
77,2017,July,3,8,323.5599718,502.1440949
78,2017,June,2,6,47.24535166,370.8053234
78,2017,June,2,6,47.24535166,370.8053234
78,2017,July,3,6,323.5599718,370.8053234
78,2017,July,3,6,323.5599718,370.8053234
78,2017,July,3,6,323.5599718,370.8053234
79,2017,June,4,7,134.5170107,458.0769825
79,2017,July,4,7,134.5170107,458.0769825
79,2017,July,4,7,134.5170107,458.0769825
79,2017,July,3,7,323.5599718,458.0769825
79,2017,July,3,7,323.5599718,458.0769825
79,2017,July,3,7,323.5599718,458.0769825
80,2017,June,1,5,3.178239246,326.738211
80,2017,July,3,5,323.5599718,326.738211
80,2017,July,3,5,323.5599718,326.738211
80,2017,July,3,5,323.5599718,326.738211
81,2017,June,1,5,3.178239246,326.738211
81,2017,July,3,5,323.5599718,326.738211
81,2017,July,3,5,323.5599718,326.738211
81,2017,July,3,5,323.5599718,326.738211
82,2017,May,2,10,55.89342372,658.0923648
82,2017,May,2,10,55.89342372,658.0923648
82,2017,June,4,10,317.3731489,658.0923648
82,2017,June,4,10,317.3731489,658.0923648
82,2017,June,4,10,317.3731489,658.0923648
82,2017,July,2,10,284.8257921,658.0923648
82,2017,July,2,10,284.8257921,658.0923648
83,2017,May,2,10,55.89342372,590.1434254
83,2017,May,2,10,55.89342372,590.1434254
83,2017,June,4,10,249.4242096,590.1434254
83,2017,June,4,10,249.4242096,590.1434254
83,2017,June,4,10,249.4242096,590.1434254
83,2017,July,2,10,284.8257921,590.1434254
83,2017,July,2,10,284.8257921,590.1434254
84,2017,May,2,10,55.89342372,379.6230511
84,2017,May,2,10,55.89342372,379.6230511
84,2017,June,5,10,323.7296274,379.6230511
84,2017,June,5,10,323.7296274,379.6230511
84,2017,June,5,10,323.7296274,379.6230511
84,2017,June,5,10,323.7296274,379.6230511
85,2017,May,2,10,55.89342372,541.1193285
85,2017,May,2,10,55.89342372,541.1193285
85,2017,June,3,10,292.6046763,541.1193285
85,2017,June,3,10,292.6046763,541.1193285
85,2017,June,3,10,292.6046763,541.1193285
85,2017,July,2,10,192.6212285,541.1193285
85,2017,July,2,10,192.6212285,541.1193285
86,2017,May,2,9,55.89342372,469.5771869
86,2017,May,2,9,55.89342372,469.5771869
86,2017,June,3,9,317.3731489,469.5771869
86,2017,June,3,9,317.3731489,469.5771869
86,2017,July,3,9,317.3731489,469.5771869
86,2017,July,1,9,96.31061423,469.5771869
87,2017,May,3,12,62.24990221,718.6027835
87,2017,May,3,12,62.24990221,718.6027835
87,2017,June,3,12,173.3793083,718.6027835
87,2017,June,3,12,173.3793083,718.6027835
87,2017,July,4,12,482.973573,718.6027835
87,2017,July,4,12,482.973573,718.6027835
87,2017,July,4,12,482.973573,718.6027835
87,2017,August,4,12,482.973573,718.6027835
88,2017,May,2,10,62.24990221,763.5227337
88,2017,May,2,10,62.24990221,763.5227337
88,2017,June,3,10,317.3731489,763.5227337
88,2017,June,3,10,317.3731489,763.5227337
88,2017,July,3,10,317.3731489,763.5227337
88,2017,July,3,10,383.8996826,763.5227337
88,2017,July,3,10,383.8996826,763.5227337
88,2017,August,3,10,383.8996826,763.5227337
90,2017,May,2,7,62.24990221,475.9336654
90,2017,May,2,7,62.24990221,475.9336654
90,2017,June,3,7,317.3731489,475.9336654
90,2017,June,3,7,317.3731489,475.9336654
90,2017,July,3,7,317.3731489,475.9336654
90,2017,July,1,7,96.31061423,475.9336654
91,2017,April,2,8,62.24990221,664.4488432
91,2017,April,2,8,62.24990221,664.4488432
91,2017,June,3,8,317.3731489,664.4488432
91,2017,June,3,8,317.3731489,664.4488432
91,2017,June,3,8,317.3731489,664.4488432
91,2017,July,2,8,284.8257921,664.4488432
91,2017,July,2,8,284.8257921,664.4488432
92,2017,May,2,11,62.24990221,763.5227337
92,2017,May,2,11,62.24990221,763.5227337
92,2017,June,3,11,317.3731489,763.5227337
92,2017,June,3,11,317.3731489,763.5227337
92,2017,June,3,11,317.3731489,763.5227337
92,2017,July,3,11,383.8996826,763.5227337
92,2017,July,3,11,383.8996826,763.5227337
92,2017,August,3,11,383.8996826,763.5227337
93,2017,June,3,9,317.3731489,602.198941
93,2017,June,3,9,317.3731489,602.198941
93,2017,June,3,9,317.3731489,602.198941
93,2017,July,2,9,284.8257921,602.198941
93,2017,July,2,9,284.8257921,602.198941
94,2017,May,3,9,62.24990221,664.4488432
94,2017,May,3,9,62.24990221,664.4488432
94,2017,June,3,9,317.3731489,664.4488432
94,2017,June,3,9,317.3731489,664.4488432
94,2017,June,3,9,317.3731489,664.4488432
94,2017,July,2,9,284.8257921,664.4488432
94,2017,July,2,9,284.8257921,664.4488432
95,2017,April,3,10,62.24990221,763.5227337
95,2017,April,3,10,62.24990221,763.5227337
95,2017,June,3,10,317.3731489,763.5227337
95,2017,June,3,10,317.3731489,763.5227337
95,2017,June,3,10,317.3731489,763.5227337
95,2017,July,3,10,383.8996826,763.5227337
95,2017,July,3,10,383.8996826,763.5227337
95,2017,August,3,10,383.8996826,763.5227337
96,2017,May,2,8,62.24990221,664.4488432
96,2017,May,2,8,62.24990221,664.4488432
96,2017,June,3,8,317.3731489,664.4488432
96,2017,June,3,8,317.3731489,664.4488432
96,2017,June,3,8,317.3731489,664.4488432
96,2017,July,2,8,284.8257921,664.4488432
96,2017,July,2,8,284.8257921,664.4488432
97,2017,April,2,13,62.24990221,868.9531026
97,2017,April,2,13,62.24990221,868.9531026
97,2017,May,5,13,323.7296274,868.9531026
97,2017,June,5,13,323.7296274,868.9531026
97,2017,June,5,13,323.7296274,868.9531026
97,2017,June,5,13,323.7296274,868.9531026
97,2017,July,4,13,482.973573,868.9531026
97,2017,July,4,13,482.973573,868.9531026
97,2017,July,4,13,482.973573,868.9531026
97,2017,August,4,13,482.973573,868.9531026
98,2017,April,3,9,62.24990221,713.9857885
98,2017,April,3,9,62.24990221,713.9857885
98,2017,June,3,9,267.8362037,713.9857885
98,2017,June,3,9,267.8362037,713.9857885
98,2017,June,3,9,267.8362037,713.9857885
98,2017,July,3,9,383.8996826,713.9857885
98,2017,July,3,9,383.8996826,713.9857885
98,2017,August,3,9,383.8996826,713.9857885
99,2017,April,3,14,62.24990221,868.9531026
99,2017,April,3,14,62.24990221,868.9531026
99,2017,May,5,14,323.7296274,868.9531026
99,2017,June,5,14,323.7296274,868.9531026
99,2017,June,5,14,323.7296274,868.9531026
99,2017,June,5,14,323.7296274,868.9531026
99,2017,July,4,14,482.973573,868.9531026
99,2017,July,4,14,482.973573,868.9531026
99,2017,July,4,14,482.973573,868.9531026
99,2017,August,4,14,482.973573,868.9531026
100,2017,April,3,13,62.24990221,911.1097766
100,2017,April,3,13,62.24990221,911.1097766
100,2017,May,6,13,467.723468,911.1097766
100,2017,June,6,13,467.723468,911.1097766
100,2017,June,6,13,467.723468,911.1097766
100,2017,June,6,13,467.723468,911.1097766
100,2017,July,6,13,467.723468,911.1097766
100,2017,July,3,13,381.1364063,911.1097766
100,2017,July,3,13,381.1364063,911.1097766
100,2017,August,3,13,381.1364063,911.1097766
101,2017,May,2,9,55.89342372,469.5771869
101,2017,May,2,9,55.89342372,469.5771869
101,2017,June,3,9,317.3731489,469.5771869
101,2017,June,3,9,317.3731489,469.5771869
101,2017,June,3,9,317.3731489,469.5771869
101,2017,July,1,9,96.31061423,469.5771869
102,2017,April,2,13,62.24990221,868.9531026
102,2017,April,2,13,62.24990221,868.9531026
102,2017,May,5,13,323.7296274,868.9531026
102,2017,June,5,13,323.7296274,868.9531026
102,2017,June,5,13,323.7296274,868.9531026
102,2017,June,5,13,323.7296274,868.9531026
102,2017,July,4,13,482.973573,868.9531026
102,2017,July,4,13,482.973573,868.9531026
102,2017,July,4,13,482.973573,868.9531026
102,2017,August,4,13,482.973573,868.9531026
103,2017,May,2,11,55.89342372,757.1662552
103,2017,May,2,11,55.89342372,757.1662552
103,2017,June,3,11,317.3731489,757.1662552
103,2017,June,3,11,317.3731489,757.1662552
103,2017,June,3,11,317.3731489,757.1662552
103,2017,July,3,11,383.8996826,757.1662552
103,2017,July,3,11,383.8996826,757.1662552
103,2017,August,3,11,383.8996826,757.1662552
104,2017,July,1,2,188.5151779,188.5151779
105,2017,April,3,11,55.89342372,451.1651927
105,2017,April,3,11,55.89342372,451.1651927
105,2017,May,2,11,6.356478492,451.1651927
105,2017,June,3,11,292.6046763,451.1651927
105,2017,June,3,11,292.6046763,451.1651927
105,2017,June,3,11,292.6046763,451.1651927
105,2017,July,2,11,96.31061423,451.1651927
106,2017,April,2,11,62.24990221,670.8053217
106,2017,April,2,11,62.24990221,670.8053217
106,2017,May,2,11,6.356478492,670.8053217
106,2017,June,3,11,317.3731489,670.8053217
106,2017,June,3,11,317.3731489,670.8053217
106,2017,June,3,11,317.3731489,670.8053217
106,2017,July,2,11,284.8257921,670.8053217
106,2017,July,2,11,284.8257921,670.8053217
107,2017,May,2,8,55.89342372,658.0923648
107,2017,May,2,8,55.89342372,658.0923648
107,2017,June,3,8,317.3731489,658.0923648
107,2017,June,3,8,317.3731489,658.0923648
107,2017,July,3,8,317.3731489,658.0923648
107,2017,July,2,8,284.8257921,658.0923648
107,2017,July,2,8,284.8257921,658.0923648
108,2017,May,4,13,111.7868474,531.8270891
108,2017,May,4,13,111.7868474,531.8270891
108,2017,May,4,13,111.7868474,531.8270891
108,2017,May,4,13,111.7868474,531.8270891
108,2017,June,5,13,323.7296274,531.8270891
108,2017,June,5,13,323.7296274,531.8270891
108,2017,June,5,13,323.7296274,531.8270891
108,2017,July,5,13,323.7296274,531.8270891
108,2017,July,1,13,96.31061423,531.8270891
109,2017,April,1,8,74.30541784,674.9463149
109,2017,May,1,8,49.53694522,674.9463149
109,2017,June,3,8,264.0381657,674.9463149
109,2017,June,3,8,264.0381657,674.9463149
109,2017,June,3,8,264.0381657,674.9463149
109,2017,July,3,8,287.0657861,674.9463149
109,2017,August,3,8,287.0657861,674.9463149
109,2017,August,3,8,287.0657861,674.9463149
110,2017,May,3,11,202.3794868,793.8569507
110,2017,May,3,11,202.3794868,793.8569507
110,2017,May,3,11,202.3794868,793.8569507
110,2017,June,2,11,196.8743755,793.8569507
110,2017,June,2,11,196.8743755,793.8569507
110,2017,July,4,11,394.6030884,793.8569507
110,2017,July,4,11,394.6030884,793.8569507
110,2017,July,4,11,394.6030884,793.8569507
110,2017,August,4,11,394.6030884,793.8569507
111,2017,June,5,9,121.1864769,215.1480517
111,2017,June,5,9,121.1864769,215.1480517
111,2017,June,5,9,121.1864769,215.1480517
111,2017,June,5,9,121.1864769,215.1480517
111,2017,July,2,9,93.96157486,215.1480517
112,2017,June,9,12,304.8644171,398.8259919
112,2017,June,9,12,304.8644171,398.8259919
112,2017,June,9,12,304.8644171,398.8259919
112,2017,June,9,12,304.8644171,398.8259919
112,2017,June,9,12,304.8644171,398.8259919
112,2017,June,9,12,304.8644171,398.8259919
112,2017,June,9,12,304.8644171,398.8259919
112,2017,July,1,12,93.96157486,398.8259919
114,2017,July,2,5,93.96157486,93.96157486
115,2017,June,6,9,138.4129094,232.3744842
115,2017,June,6,9,138.4129094,232.3744842
115,2017,June,6,9,138.4129094,232.3744842
115,2017,June,6,9,138.4129094,232.3744842
115,2017,July,1,9,93.96157486,232.3744842
116,2017,June,4,11,132.0564309,358.0744366
116,2017,June,4,11,132.0564309,358.0744366
116,2017,June,4,11,132.0564309,358.0744366
116,2017,July,5,11,226.0180058,358.0744366
116,2017,July,5,11,226.0180058,358.0744366
116,2017,July,5,11,226.0180058,358.0744366
116,2017,July,5,11,226.0180058,358.0744366
117,2017,June,2,6,6.356478492,100.3180533
117,2017,July,2,6,93.96157486,100.3180533
118,2017,July,1,5,93.96157486,93.96157486
119,2017,June,5,9,138.4129094,232.3744842
119,2017,June,5,9,138.4129094,232.3744842
119,2017,June,5,9,138.4129094,232.3744842
119,2017,June,5,9,138.4129094,232.3744842
119,2017,July,2,9,93.96157486,232.3744842
120,2017,July,2,6,93.96157486,93.96157486
121,2017,June,5,9,138.4129094,232.3744842
121,2017,June,5,9,138.4129094,232.3744842
121,2017,June,5,9,138.4129094,232.3744842
121,2017,June,5,9,138.4129094,232.3744842
121,2017,July,2,9,93.96157486,232.3744842
122,2017,June,9,18,300.8850361,760.2697126
122,2017,June,9,18,300.8850361,760.2697126
122,2017,June,9,18,300.8850361,760.2697126
122,2017,June,9,18,300.8850361,760.2697126
122,2017,June,9,18,300.8850361,760.2697126
122,2017,June,9,18,300.8850361,760.2697126
122,2017,June,9,18,300.8850361,760.2697126
122,2017,July,7,18,459.3846766,760.2697126
122,2017,July,7,18,459.3846766,760.2697126
122,2017,July,7,18,459.3846766,760.2697126
122,2017,July,7,18,459.3846766,760.2697126
122,2017,July,7,18,459.3846766,760.2697126
122,2017,July,7,18,459.3846766,760.2697126
123,2017,April,1,10,3.178239246,420.3450792
123,2017,May,2,10,42.40575966,420.3450792
123,2017,May,2,10,42.40575966,420.3450792
123,2017,June,5,10,167.4195415,420.3450792
123,2017,June,5,10,167.4195415,420.3450792
123,2017,June,5,10,167.4195415,420.3450792
123,2017,June,5,10,167.4195415,420.3450792
123,2017,July,2,10,207.3415388,420.3450792
123,2017,July,2,10,207.3415388,420.3450792
124,2017,April,3,10,8.613216263,218.7532379
124,2017,May,2,10,42.40575966,218.7532379
124,2017,May,2,10,42.40575966,218.7532379
124,2017,June,4,10,71.4236477,218.7532379
124,2017,June,4,10,71.4236477,218.7532379
124,2017,June,4,10,71.4236477,218.7532379
124,2017,July,1,10,96.31061423,218.7532379
125,2017,March,3,17,8.613216263,662.0846256
125,2017,May,1,17,3.178239246,662.0846256
125,2017,May,2,17,42.40575966,662.0846256
125,2017,May,2,17,42.40575966,662.0846256
125,2017,June,8,17,323.3624275,662.0846256
125,2017,June,8,17,323.3624275,662.0846256
125,2017,June,8,17,323.3624275,662.0846256
125,2017,June,8,17,323.3624275,662.0846256
125,2017,June,8,17,323.3624275,662.0846256
125,2017,June,8,17,323.3624275,662.0846256
125,2017,July,3,17,284.5249829,662.0846256
125,2017,July,3,17,284.5249829,662.0846256
125,2017,July,3,17,284.5249829,662.0846256
126,2017,May,1,7,3.178239246,213.3182608
126,2017,May,2,7,42.40575966,213.3182608
126,2017,May,2,7,42.40575966,213.3182608
126,2017,June,3,7,71.4236477,213.3182608
126,2017,June,3,7,71.4236477,213.3182608
126,2017,June,3,7,71.4236477,213.3182608
126,2017,July,1,7,96.31061423,213.3182608
127,2017,April,3,13,8.613216263,435.1107837
127,2017,May,1,13,3.178239246,435.1107837
127,2017,May,2,13,42.40575966,435.1107837
127,2017,May,2,13,42.40575966,435.1107837
127,2017,June,6,13,284.6029543,435.1107837
127,2017,June,6,13,284.6029543,435.1107837
127,2017,June,6,13,284.6029543,435.1107837
127,2017,June,6,13,284.6029543,435.1107837
127,2017,June,6,13,284.6029543,435.1107837
127,2017,July,1,13,96.31061423,435.1107837
128,2017,April,3,15,8.613216263,253.2061029
128,2017,April,4,15,8.613216263,253.2061029
128,2017,May,2,15,42.40575966,253.2061029
128,2017,May,2,15,42.40575966,253.2061029
128,2017,June,5,15,97.26329649,253.2061029
128,2017,June,5,15,97.26329649,253.2061029
128,2017,June,5,15,97.26329649,253.2061029
128,2017,June,5,15,97.26329649,253.2061029
128,2017,July,1,15,96.31061423,253.2061029
129,2017,April,3,13,8.613216263,473.8702569
129,2017,May,1,13,3.178239246,473.8702569
129,2017,May,2,13,42.40575966,473.8702569
129,2017,May,2,13,42.40575966,473.8702569
129,2017,June,6,13,323.3624275,473.8702569
129,2017,June,6,13,323.3624275,473.8702569
129,2017,June,6,13,323.3624275,473.8702569
129,2017,June,6,13,323.3624275,473.8702569
129,2017,June,6,13,323.3624275,473.8702569
129,2017,June,6,13,323.3624275,473.8702569
129,2017,July,1,13,96.31061423,473.8702569
132,2017,May,1,11,3.178239246,213.3182608
132,2017,May,2,11,42.40575966,213.3182608
132,2017,May,2,11,42.40575966,213.3182608
132,2017,June,4,11,71.4236477,213.3182608
132,2017,June,4,11,71.4236477,213.3182608
132,2017,June,4,11,71.4236477,213.3182608
132,2017,July,1,11,96.31061423,213.3182608
133,2017,May,1,14,3.178239246,749.7820235
133,2017,May,2,14,42.40575966,749.7820235
133,2017,May,2,14,42.40575966,749.7820235
133,2017,June,7,14,323.3624275,749.7820235
133,2017,June,7,14,323.3624275,749.7820235
133,2017,June,7,14,323.3624275,749.7820235
133,2017,June,7,14,323.3624275,749.7820235
133,2017,June,7,14,323.3624275,749.7820235
133,2017,June,7,14,323.3624275,749.7820235
133,2017,July,4,14,380.8355972,749.7820235
133,2017,July,4,14,380.8355972,749.7820235
133,2017,July,4,14,380.8355972,749.7820235
133,2017,August,4,14,380.8355972,749.7820235
134,2017,May,1,7,3.178239246,187.478612
134,2017,May,2,7,42.40575966,187.478612
134,2017,May,2,7,42.40575966,187.478612
134,2017,June,3,7,45.58399891,187.478612
134,2017,June,3,7,45.58399891,187.478612
134,2017,July,1,7,96.31061423,187.478612
135,2017,May,1,8,3.178239246,183.6254582
135,2017,May,2,8,12.71295698,183.6254582
135,2017,May,2,8,12.71295698,183.6254582
135,2017,June,4,8,71.4236477,183.6254582
135,2017,June,4,8,71.4236477,183.6254582
135,2017,June,4,8,71.4236477,183.6254582
135,2017,July,1,8,96.31061423,183.6254582
136,2017,March,3,17,8.613216263,614.3570699
136,2017,May,1,17,3.178239246,614.3570699
136,2017,May,2,17,42.40575966,614.3570699
136,2017,May,2,17,42.40575966,614.3570699
136,2017,June,8,17,332.8971452,614.3570699
136,2017,June,8,17,332.8971452,614.3570699
136,2017,June,8,17,332.8971452,614.3570699
136,2017,June,8,17,332.8971452,614.3570699
136,2017,June,8,17,332.8971452,614.3570699
136,2017,June,8,17,332.8971452,614.3570699
136,2017,June,8,17,332.8971452,614.3570699
136,2017,July,3,17,227.2627095,614.3570699
136,2017,July,3,17,227.2627095,614.3570699
136,2017,July,3,17,227.2627095,614.3570699
